date,sales_amount,order_count,customer_count,avg_order_value,conversion_rate,is_promotion,visitor_count,new_customer_count,return_rate
2022-01-01,70952.31,234,178,303.21,0.0263,1,6778,37,0.0269
2022-01-02,49892.66,151,120,330.41,0.0261,0,4599,30,0.0111
2022-01-03,54062.7,184,141,293.82,0.0262,0,5390,36,0.0424
2022-01-04,54824.15,150,163,365.49,0.0478,0,3408,43,0.0236
2022-01-05,50514.57,171,121,295.41,0.0214,0,5645,25,0.0439
2022-01-06,50413.94,188,131,268.16,0.0479,0,2736,35,0.0314
2022-01-07,48422.5,185,133,261.74,0.0487,0,2731,34,0.0445
2022-01-08,49926.0,187,127,266.98,0.0441,0,2881,25,0.0191
2022-01-09,55574.89,165,121,336.82,0.0321,0,3773,29,0.0434
2022-01-10,59180.27,161,139,367.58,0.0311,0,4462,37,0.0381
2022-01-11,54694.59,191,126,286.36,0.0378,0,3336,28,0.0285
2022-01-12,49468.84,168,156,294.46,0.0435,0,3589,34,0.023
2022-01-13,48229.71,203,118,237.58,0.0478,0,2469,28,0.0126
2022-01-14,48682.94,209,152,232.93,0.0504,0,3014,35,0.0362
2022-01-15,48981.11,181,125,270.61,0.0278,0,4496,28,0.0325
2022-01-16,65106.93,168,163,387.54,0.0396,0,4113,47,0.026
2022-01-17,64370.7,184,147,349.84,0.0214,0,6880,30,0.0144
2022-01-18,71186.92,192,127,370.77,0.0473,0,2684,30,0.0125
2022-01-19,45935.19,185,133,248.3,0.0539,0,2466,38,0.0105
2022-01-20,59576.15,198,124,300.89,0.0432,0,2868,31,0.0207
2022-01-21,52129.93,180,127,289.61,0.0348,0,3650,37,0.045
2022-01-22,56910.93,169,149,336.75,0.0462,0,3225,37,0.0143
2022-01-23,58469.66,185,155,316.05,0.0254,0,6112,36,0.0165
2022-01-24,59863.32,202,150,296.35,0.052,0,2885,38,0.0295
2022-01-25,64127.4,206,136,311.3,0.0269,0,5063,30,0.0327
2022-01-26,58707.88,158,123,371.57,0.0451,0,2728,34,0.0491
2022-01-27,51672.08,195,148,264.99,0.053,0,2790,32,0.0311
2022-01-28,59333.81,192,145,309.03,0.0537,0,2701,42,0.0402
2022-01-29,62414.23,179,160,348.68,0.042,0,3805,39,0.0307
2022-01-30,64027.28,161,133,397.68,0.0263,0,5054,31,0.0335
2022-01-31,70618.92,158,163,446.96,0.0414,0,3941,36,0.0462
2022-02-01,64464.96,209,139,308.44,0.0206,0,6740,31,0.0368
2022-02-02,57141.16,213,154,268.27,0.0393,0,3916,34,0.0289
2022-02-03,55181.49,180,130,306.56,0.0215,0,6049,34,0.0242
2022-02-04,48448.57,158,162,306.64,0.0422,0,3840,42,0.0124
2022-02-05,62594.96,201,140,311.42,0.0476,0,2939,29,0.0177
2022-02-06,61504.87,166,136,370.51,0.0351,0,3872,39,0.013
2022-02-07,63874.02,206,154,310.07,0.0216,0,7122,40,0.0316
2022-02-08,62352.79,203,134,307.16,0.0242,0,5547,33,0.0185
2022-02-09,55474.49,180,122,308.19,0.0241,0,5064,24,0.0256
2022-02-10,57288.18,174,146,329.24,0.0438,0,3335,39,0.0413
2022-02-11,49908.74,198,164,252.06,0.036,0,4554,35,0.0187
2022-02-12,62340.22,159,167,392.08,0.0296,0,5641,34,0.0291
2022-02-13,63419.28,214,153,296.35,0.0238,0,6421,45,0.0132
2022-02-14,107354.38,272,174,394.69,0.0329,1,5282,35,0.0133
2022-02-15,62915.06,198,157,317.75,0.0389,0,4034,36,0.0204
2022-02-16,51556.46,172,145,299.75,0.0228,0,6347,38,0.0283
2022-02-17,46762.05,216,168,216.49,0.0526,0,3192,33,0.0348
2022-02-18,48744.67,191,133,255.21,0.0367,0,3622,28,0.024
2022-02-19,53947.23,161,135,335.08,0.0317,0,4262,29,0.0433
2022-02-20,57526.92,208,162,276.57,0.0376,0,4311,43,0.0322
2022-02-21,55123.85,216,163,255.2,0.0218,0,7465,46,0.0206
2022-02-22,60597.41,166,138,365.04,0.0284,0,4854,30,0.0237
2022-02-23,46960.69,200,161,234.8,0.0496,0,3248,40,0.02
2022-02-24,48047.44,198,148,242.66,0.0487,0,3039,30,0.0233
2022-02-25,47363.37,166,161,285.32,0.0543,0,2967,34,0.0277
2022-02-26,51177.24,165,125,310.17,0.053,0,2359,33,0.016
2022-02-27,52548.47,160,144,328.43,0.0396,0,3640,30,0.0151
2022-02-28,60128.78,208,123,289.08,0.0513,0,2399,27,0.02
2022-03-01,61375.07,164,144,374.24,0.0469,0,3072,41,0.0263
2022-03-02,47537.45,218,137,218.06,0.05,0,2740,40,0.0424
2022-03-03,44237.48,215,148,205.76,0.0189,0,7823,40,0.0233
2022-03-04,52403.91,214,169,244.88,0.048,0,3521,38,0.0415
2022-03-05,48655.15,165,146,294.88,0.0503,0,2904,41,0.0189
2022-03-06,57540.5,178,172,323.26,0.0502,0,3423,38,0.0364
2022-03-07,53562.25,184,143,291.1,0.0283,0,5051,29,0.0409
2022-03-08,67409.09,295,189,228.51,0.0303,1,6247,48,0.0493
2022-03-09,52113.05,162,129,321.69,0.0401,0,3219,30,0.0415
2022-03-10,36313.14,167,147,217.44,0.0513,0,2866,32,0.0118
2022-03-11,50815.27,187,123,271.74,0.0372,0,3303,34,0.0375
2022-03-12,57071.15,172,146,331.81,0.034,0,4299,43,0.0468
2022-03-13,54542.93,199,143,274.09,0.0425,0,3361,30,0.046
2022-03-14,52848.43,180,148,293.6,0.0438,0,3379,37,0.0177
2022-03-15,54822.16,202,147,271.4,0.0431,0,3413,42,0.0346
2022-03-16,48760.23,161,142,302.86,0.0286,0,4962,34,0.0332
2022-03-17,51420.32,202,144,254.56,0.0352,0,4090,35,0.0185
2022-03-18,41331.83,211,171,195.89,0.0243,0,7043,35,0.0306
2022-03-19,55101.42,201,163,274.14,0.0304,0,5361,45,0.04
2022-03-20,57785.95,173,133,334.02,0.0189,0,7035,29,0.029
2022-03-21,58346.96,215,173,271.38,0.0207,0,8359,41,0.0352
2022-03-22,59629.64,193,149,308.96,0.027,0,5512,39,0.0102
2022-03-23,58147.16,210,173,276.89,0.0508,0,3408,48,0.0188
2022-03-24,52139.88,191,127,272.98,0.0386,0,3288,37,0.0149
2022-03-25,46941.09,170,153,276.12,0.0427,0,3583,45,0.0338
2022-03-26,64290.39,201,171,319.85,0.051,0,3352,41,0.0463
2022-03-27,60255.35,190,135,317.13,0.0455,0,2966,33,0.0204
2022-03-28,69356.57,211,174,328.7,0.0373,0,4666,45,0.021
2022-03-29,71598.85,167,170,428.74,0.0286,0,5949,38,0.0228
2022-03-30,60152.11,177,149,339.84,0.0437,0,3411,40,0.0126
2022-03-31,58879.65,189,146,311.53,0.0381,0,3834,35,0.0183
2022-04-01,49462.6,200,169,247.31,0.0187,0,9026,48,0.033
2022-04-02,65063.27,193,125,337.12,0.0529,0,2363,28,0.0256
2022-04-03,71872.24,197,173,364.83,0.0452,0,3829,48,0.0459
2022-04-04,64268.95,194,140,331.28,0.0281,0,4982,34,0.0256
2022-04-05,62741.1,210,136,298.77,0.0491,0,2769,39,0.0492
2022-04-06,55700.0,198,127,281.31,0.0516,0,2463,32,0.0365
2022-04-07,61681.34,219,155,281.65,0.0247,0,6269,35,0.0231
2022-04-08,62050.8,193,146,321.51,0.0305,0,4788,42,0.0211
2022-04-09,68897.98,217,131,317.5,0.0354,0,3700,36,0.0121
2022-04-10,69500.27,224,148,310.27,0.0263,0,5628,30,0.0483
2022-04-11,73100.26,180,139,406.11,0.0491,0,2833,36,0.0195
2022-04-12,69683.36,195,169,357.35,0.0222,0,7601,49,0.0286
2022-04-13,64558.3,203,165,318.02,0.0537,0,3075,44,0.0411
2022-04-14,65203.4,175,146,372.59,0.022,0,6636,29,0.0225
2022-04-15,59492.39,190,172,313.12,0.0253,0,6788,44,0.0432
2022-04-16,60495.56,180,133,336.09,0.0438,0,3036,30,0.0374
2022-04-17,75542.7,201,177,375.83,0.0195,0,9067,44,0.0365
2022-04-18,68971.05,170,159,405.71,0.042,0,3789,32,0.0268
2022-04-19,68100.88,189,167,360.32,0.051,0,3275,41,0.0161
2022-04-20,67043.93,177,174,378.78,0.0373,0,4664,46,0.0346
2022-04-21,69012.43,195,155,353.91,0.0486,0,3192,40,0.0229
2022-04-22,62076.66,181,133,342.96,0.0283,0,4696,32,0.04
2022-04-23,65061.41,187,129,347.92,0.0363,0,3554,29,0.0295
2022-04-24,72284.99,188,144,384.49,0.0306,0,4707,41,0.038
2022-04-25,75564.98,227,140,332.89,0.0212,0,6613,38,0.0295
2022-04-26,72847.28,215,143,338.82,0.0436,0,3283,37,0.0296
2022-04-27,67471.88,181,153,372.77,0.0436,0,3509,35,0.0333
2022-04-28,67193.72,197,164,341.08,0.0376,0,4356,39,0.0398
2022-04-29,67023.68,184,148,364.26,0.0273,0,5420,31,0.0177
2022-04-30,78921.59,174,176,453.57,0.0378,0,4652,48,0.0174
2022-05-01,112399.89,274,195,410.22,0.0541,1,3602,42,0.0191
2022-05-02,78410.76,179,148,438.05,0.0185,0,7989,37,0.021
2022-05-03,75290.21,212,137,355.14,0.0416,0,3293,37,0.0141
2022-05-04,64625.3,168,165,384.67,0.0285,0,5785,40,0.0236
2022-05-05,64309.43,223,159,288.38,0.0222,0,7155,32,0.0297
2022-05-06,61861.96,204,170,303.24,0.0434,0,3917,36,0.0424
2022-05-07,68074.54,183,137,371.99,0.0386,0,3544,33,0.0338
2022-05-08,70415.81,208,144,338.54,0.0467,0,3083,34,0.0463
2022-05-09,70160.8,196,149,357.96,0.039,0,3816,30,0.0484
2022-05-10,72206.44,175,178,412.61,0.0257,0,6929,39,0.0364
2022-05-11,63175.59,173,140,365.18,0.0181,0,7735,34,0.0338
2022-05-12,59963.87,187,132,320.66,0.0266,0,4969,35,0.0381
2022-05-13,53606.63,228,146,235.12,0.0471,0,3096,38,0.0364
2022-05-14,64323.96,228,142,282.12,0.0337,0,4209,36,0.0359
2022-05-15,72368.69,174,134,415.91,0.0241,0,5551,30,0.04
2022-05-16,63831.36,206,149,309.86,0.0342,0,4350,36,0.0222
2022-05-17,61227.52,204,162,300.13,0.0342,0,4737,42,0.0456
2022-05-18,59262.89,217,151,273.1,0.0403,0,3743,30,0.0192
2022-05-19,50583.65,207,132,244.37,0.055,0,2400,35,0.0208
2022-05-20,48100.45,172,179,279.65,0.046,0,3892,44,0.0361
2022-05-21,60237.49,208,158,289.6,0.0415,0,3808,39,0.0136
2022-05-22,61261.38,193,157,317.42,0.0303,0,5175,41,0.0443
2022-05-23,60316.83,189,174,319.14,0.053,0,3284,48,0.032
2022-05-24,63760.44,200,137,318.8,0.0296,0,4622,31,0.0488
2022-05-25,49758.76,171,174,290.99,0.0502,0,3468,42,0.0122
2022-05-26,51773.75,204,155,253.79,0.041,0,3777,38,0.0277
2022-05-27,52591.99,179,150,293.81,0.0342,0,4384,40,0.0149
2022-05-28,59994.93,212,170,282.99,0.0476,0,3573,46,0.0224
2022-05-29,66847.73,186,139,359.4,0.0351,0,3963,29,0.0433
2022-05-30,64237.87,203,177,316.44,0.0288,0,6146,47,0.0266
2022-05-31,56271.79,201,168,279.96,0.0234,0,7194,36,0.034
2022-06-01,49981.11,219,141,228.22,0.05,0,2821,32,0.0416
2022-06-02,38851.35,204,150,190.45,0.0484,0,3101,34,0.0219
2022-06-03,50805.91,209,170,243.09,0.055,0,3093,42,0.0159
2022-06-04,47852.53,208,181,230.06,0.0381,0,4749,44,0.0229
2022-06-05,54571.44,185,177,294.98,0.0268,0,6595,42,0.0442
2022-06-06,53617.79,203,178,264.13,0.0518,0,3436,42,0.0495
2022-06-07,54338.7,223,174,243.67,0.0543,0,3204,43,0.0115
2022-06-08,42608.85,228,139,186.88,0.0503,0,2760,33,0.031
2022-06-09,43785.84,202,134,216.76,0.0447,0,2995,32,0.0362
2022-06-10,47092.5,190,155,247.86,0.0411,0,3774,37,0.0132
2022-06-11,52694.98,195,177,270.23,0.0498,0,3554,42,0.0227
2022-06-12,52907.27,229,168,231.04,0.0193,0,8691,34,0.0352
2022-06-13,49387.27,232,152,212.88,0.0549,0,2768,41,0.0274
2022-06-14,55974.35,229,140,244.43,0.0344,0,4067,37,0.0461
2022-06-15,49635.26,176,154,282.02,0.0475,0,3245,35,0.025
2022-06-16,46207.82,210,177,220.04,0.0473,0,3740,38,0.0132
2022-06-17,48252.06,230,159,209.79,0.0409,0,3884,35,0.0465
2022-06-18,130699.6,504,398,259.32,0.0274,1,14500,106,0.0163
2022-06-19,57563.99,203,157,283.57,0.0545,0,2878,36,0.0485
2022-06-20,54452.41,194,147,280.68,0.055,0,2673,41,0.0143
2022-06-21,49245.61,199,171,247.47,0.0313,0,5466,39,0.038
2022-06-22,54411.49,200,152,272.06,0.0183,0,8306,43,0.0411
2022-06-23,45815.89,178,173,257.39,0.0456,0,3796,49,0.0461
2022-06-24,46771.06,227,157,206.04,0.0261,0,6014,34,0.02
2022-06-25,48871.1,224,182,218.17,0.0464,0,3922,48,0.0155
2022-06-26,60423.43,178,155,339.46,0.0472,0,3285,31,0.0246
2022-06-27,60720.77,184,141,330.0,0.0517,0,2729,32,0.0266
2022-06-28,61889.13,232,159,266.76,0.0376,0,4224,46,0.0432
2022-06-29,61044.32,192,166,317.94,0.0538,0,3085,38,0.0448
2022-06-30,53636.56,181,145,296.33,0.0459,0,3158,32,0.0371
2022-07-01,45161.66,220,161,205.28,0.0538,0,2993,45,0.0246
2022-07-02,54101.81,211,143,256.41,0.0348,0,4105,38,0.0369
2022-07-03,58471.99,214,160,273.23,0.0484,0,3303,47,0.0143
2022-07-04,60670.53,233,172,260.39,0.0301,0,5707,44,0.0359
2022-07-05,58517.42,217,166,269.67,0.0516,0,3214,38,0.0263
2022-07-06,58313.67,196,168,297.52,0.0223,0,7534,37,0.0315
2022-07-07,56551.11,202,166,279.96,0.0317,0,5232,48,0.0379
2022-07-08,47049.74,224,146,210.04,0.0508,0,2876,38,0.0433
2022-07-09,55435.3,217,163,255.46,0.0527,0,3090,37,0.0376
2022-07-10,62398.08,193,160,323.31,0.0217,0,7381,42,0.0318
2022-07-11,66812.48,219,159,305.08,0.0202,0,7855,36,0.0487
2022-07-12,66338.24,183,180,362.5,0.0258,0,6963,47,0.0488
2022-07-13,53154.22,181,188,293.67,0.0303,0,6196,56,0.0415
2022-07-14,54040.01,214,151,252.52,0.0397,0,3803,42,0.0193
2022-07-15,59917.84,228,147,262.8,0.0472,0,3115,38,0.0211
2022-07-16,68786.09,213,154,322.94,0.0475,0,3239,32,0.0447
2022-07-17,62290.34,187,138,333.1,0.0313,0,4415,38,0.0336
2022-07-18,67354.94,187,185,360.19,0.0336,0,5509,39,0.0125
2022-07-19,61745.77,207,187,298.29,0.0314,0,5956,48,0.0281
2022-07-20,57193.83,226,189,253.07,0.0516,0,3661,50,0.0221
2022-07-21,57879.52,221,140,261.9,0.0203,0,6913,34,0.0261
2022-07-22,52687.94,238,167,221.38,0.0207,0,8060,34,0.0343
2022-07-23,55188.3,184,147,299.94,0.0282,0,5217,38,0.0319
2022-07-24,58395.63,213,157,274.16,0.0348,0,4513,40,0.014
2022-07-25,74668.61,224,146,333.34,0.0496,0,2946,38,0.0408
2022-07-26,60754.32,208,153,292.09,0.0333,0,4593,43,0.0259
2022-07-27,53412.5,227,145,235.3,0.0296,0,4904,33,0.0202
2022-07-28,62448.65,211,143,295.97,0.0214,0,6689,29,0.0273
2022-07-29,56709.66,228,187,248.73,0.0318,0,5882,39,0.0124
2022-07-30,66971.86,223,147,300.32,0.0332,0,4427,42,0.0476
2022-07-31,65797.71,208,186,316.34,0.0199,0,9345,42,0.0225
2022-08-01,66120.61,190,182,348.0,0.0358,0,5077,51,0.024
2022-08-02,61693.4,216,163,285.62,0.0223,0,7325,37,0.019
2022-08-03,49487.99,231,179,214.23,0.0407,0,4397,47,0.0111
2022-08-04,51777.4,241,182,214.84,0.0487,0,3737,41,0.0172
2022-08-05,49640.3,203,162,244.53,0.0182,0,8888,46,0.0327
2022-08-06,51829.39,207,145,250.38,0.0232,0,6236,38,0.0112
2022-08-07,58807.92,208,170,282.73,0.0306,0,5553,40,0.0389
2022-08-08,57038.06,231,177,246.92,0.0401,0,4418,51,0.0162
2022-08-09,55685.69,188,158,296.2,0.0344,0,4593,38,0.0343
2022-08-10,48739.37,209,158,233.2,0.026,0,6082,39,0.0238
2022-08-11,50046.84,220,172,227.49,0.0375,0,4587,39,0.0188
2022-08-12,49925.76,221,144,225.91,0.0183,0,7875,33,0.0184
2022-08-13,52353.51,203,148,257.9,0.0183,0,8093,40,0.017
2022-08-14,56697.69,207,176,273.9,0.044,0,3996,44,0.0433
2022-08-15,72746.87,351,258,207.26,0.0196,1,13186,66,0.0329
2022-08-16,50005.93,229,182,218.37,0.0335,0,5440,38,0.0108
2022-08-17,42572.92,223,171,190.91,0.0488,0,3505,49,0.0135
2022-08-18,47139.87,238,148,198.07,0.027,0,5480,38,0.031
2022-08-19,39654.02,205,156,193.43,0.0303,0,5144,33,0.0304
2022-08-20,47941.4,191,175,251.0,0.0369,0,4746,50,0.024
2022-08-21,49254.7,236,151,208.71,0.0267,0,5646,32,0.0179
2022-08-22,44313.49,222,151,199.61,0.0461,0,3273,40,0.0171
2022-08-23,47461.49,233,179,203.7,0.0461,0,3881,43,0.047
2022-08-24,37048.26,221,184,167.64,0.0415,0,4433,48,0.0446
2022-08-25,35891.97,189,173,189.9,0.0344,0,5034,39,0.021
2022-08-26,36475.47,188,165,194.02,0.0368,0,4487,38,0.0281
2022-08-27,48280.73,189,184,255.45,0.05,0,3681,52,0.0346
2022-08-28,53609.49,217,167,247.05,0.0351,0,4755,42,0.0417
2022-08-29,55036.35,237,179,232.22,0.0421,0,4249,41,0.029
2022-08-30,46001.45,195,146,235.9,0.0347,0,4211,41,0.0435
2022-08-31,44190.52,227,155,194.67,0.0194,0,7969,41,0.0496
2022-09-01,33963.28,219,177,155.08,0.0406,0,4363,41,0.0467
2022-09-02,30369.87,229,182,132.62,0.0199,0,9128,47,0.0234
2022-09-03,43291.06,207,150,209.14,0.0386,0,3881,35,0.0201
2022-09-04,49193.63,224,153,219.61,0.0303,0,5043,39,0.0157
2022-09-05,37496.3,209,163,179.41,0.0538,0,3029,43,0.0257
2022-09-06,34515.81,206,179,167.55,0.0319,0,5604,49,0.0425
2022-09-07,31364.0,229,188,136.96,0.0487,0,3862,51,0.0374
2022-09-08,27695.19,214,177,129.42,0.0314,0,5639,41,0.0172
2022-09-09,32948.52,200,166,164.74,0.0531,0,3128,41,0.0191
2022-09-10,39376.31,241,195,163.39,0.0217,0,8968,54,0.0434
2022-09-11,44258.48,243,178,182.13,0.0194,0,9176,41,0.0407
2022-09-12,46739.0,198,156,236.06,0.0488,0,3199,43,0.0424
2022-09-13,43791.63,198,191,221.17,0.0342,0,5585,46,0.0371
2022-09-14,36541.53,206,193,177.39,0.0457,0,4223,47,0.0314
2022-09-15,36974.95,207,195,178.62,0.0354,0,5515,55,0.0247
2022-09-16,44131.75,217,194,203.37,0.0284,0,6824,46,0.0311
2022-09-17,36251.95,198,158,183.09,0.0476,0,3316,33,0.02
2022-09-18,40040.72,224,152,178.75,0.0443,0,3429,38,0.015
2022-09-19,40516.36,194,194,208.85,0.0239,0,8106,47,0.0305
2022-09-20,43914.7,247,160,177.79,0.0482,0,3318,46,0.0472
2022-09-21,37022.53,215,149,172.2,0.0327,0,4560,35,0.0254
2022-09-22,37724.04,209,152,180.5,0.049,0,3098,40,0.0417
2022-09-23,38391.43,197,148,194.88,0.0286,0,5172,41,0.0378
2022-09-24,45862.83,217,185,211.35,0.0182,0,10168,38,0.0202
2022-09-25,51730.94,243,156,212.88,0.0383,0,4072,42,0.0311
2022-09-26,51436.27,209,154,246.11,0.0198,0,7790,37,0.0418
2022-09-27,48382.16,219,151,220.92,0.0221,0,6832,43,0.0339
2022-09-28,51071.71,205,192,249.13,0.0233,0,8235,46,0.0346
2022-09-29,44644.2,205,183,217.78,0.0334,0,5476,48,0.0134
2022-09-30,47247.74,223,181,211.87,0.0368,0,4922,54,0.0322
2022-10-01,46030.82,214,177,215.1,0.0196,0,9025,42,0.0249
2022-10-02,51473.24,195,169,263.97,0.0269,0,6277,44,0.0141
2022-10-03,49999.92,228,195,219.3,0.046,0,4239,41,0.0241
2022-10-04,47993.17,244,197,196.69,0.0433,0,4546,58,0.0291
2022-10-05,50303.4,202,156,249.03,0.0203,0,7671,43,0.0283
2022-10-06,43105.17,203,150,212.34,0.0297,0,5054,34,0.0259
2022-10-07,46142.71,243,182,189.89,0.0355,0,5124,37,0.0359
2022-10-08,48835.4,195,189,250.44,0.0303,0,6241,40,0.0247
2022-10-09,62448.3,248,173,251.81,0.0455,0,3801,50,0.0255
2022-10-10,61411.5,223,171,275.39,0.0522,0,3275,43,0.042
2022-10-11,53983.07,238,175,226.82,0.0209,0,8365,45,0.0429
2022-10-12,47009.0,197,169,238.62,0.0425,0,3980,38,0.0341
2022-10-13,46344.35,219,159,211.62,0.0435,0,3653,37,0.0117
2022-10-14,51076.83,219,166,233.23,0.0417,0,3984,46,0.0123
2022-10-15,51600.74,235,189,219.58,0.033,0,5722,47,0.04
2022-10-16,59561.56,247,187,241.14,0.0431,0,4339,45,0.015
2022-10-17,61383.1,208,198,295.11,0.0419,0,4728,46,0.048
2022-10-18,59734.01,221,172,270.29,0.0318,0,5414,47,0.033
2022-10-19,53288.48,226,172,235.79,0.0327,0,5255,45,0.02
2022-10-20,54252.92,224,183,242.2,0.0323,0,5662,46,0.0205
2022-10-21,55092.83,209,195,263.6,0.0345,0,5650,58,0.0214
2022-10-22,59804.62,201,158,297.54,0.0496,0,3188,38,0.0459
2022-10-23,59135.31,222,155,266.38,0.048,0,3229,45,0.0495
2022-10-24,59780.92,229,184,261.05,0.0287,0,6401,42,0.0163
2022-10-25,54595.35,239,194,228.43,0.0416,0,4664,54,0.0304
2022-10-26,55966.31,202,165,277.06,0.0472,0,3492,33,0.0322
2022-10-27,52705.67,217,179,242.88,0.0477,0,3749,45,0.0345
2022-10-28,59851.81,240,197,249.38,0.0357,0,5516,47,0.0264
2022-10-29,63508.95,231,155,274.93,0.0226,0,6847,35,0.013
2022-10-30,62480.38,203,200,307.79,0.0384,0,5208,51,0.0407
2022-10-31,68595.1,203,178,337.91,0.0366,0,4862,51,0.0433
2022-11-01,56384.93,205,171,275.05,0.0526,0,3251,38,0.0479
2022-11-02,53668.64,228,169,235.39,0.0493,0,3428,38,0.0354
2022-11-03,48880.87,214,190,228.42,0.0377,0,5034,47,0.0167
2022-11-04,51001.05,256,188,199.22,0.0237,0,7930,49,0.0388
2022-11-05,50732.58,232,153,218.67,0.0485,0,3152,31,0.0118
2022-11-06,56370.36,237,201,237.85,0.0393,0,5109,53,0.0407
2022-11-07,57072.97,227,192,251.42,0.0382,0,5027,50,0.0221
2022-11-08,60372.92,211,195,286.13,0.033,0,5904,47,0.0375
2022-11-09,54349.32,225,165,241.55,0.0306,0,5394,35,0.0445
2022-11-10,51848.73,216,198,240.04,0.0546,0,3629,46,0.0259
2022-11-11,130925.15,479,326,273.33,0.0269,1,12099,66,0.0478
2022-11-12,49794.12,252,191,197.6,0.0335,0,5706,56,0.0461
2022-11-13,61507.08,243,172,253.12,0.025,0,6873,37,0.0498
2022-11-14,51631.94,226,184,228.46,0.0505,0,3641,45,0.0136
2022-11-15,52513.95,212,166,247.71,0.0396,0,4193,34,0.0213
2022-11-16,52386.86,235,194,222.92,0.0429,0,4523,44,0.0103
2022-11-17,47845.34,214,199,223.58,0.0315,0,6310,47,0.0118
2022-11-18,48361.72,201,189,240.61,0.0388,0,4872,44,0.0215
2022-11-19,48641.3,233,170,208.76,0.0485,0,3502,44,0.0344
2022-11-20,58398.87,206,159,283.49,0.0326,0,4881,44,0.0236
2022-11-21,62169.65,210,191,296.05,0.0368,0,5184,47,0.0118
2022-11-22,50974.16,206,199,247.45,0.0303,0,6562,49,0.0283
2022-11-23,44363.16,218,193,203.5,0.0298,0,6479,46,0.0347
2022-11-24,41543.34,252,173,164.85,0.04,0,4328,43,0.0304
2022-11-25,40564.46,229,155,177.14,0.0316,0,4900,41,0.0492
2022-11-26,49807.38,236,173,211.05,0.0475,0,3643,47,0.0375
2022-11-27,57922.99,240,204,241.35,0.054,0,3780,52,0.0191
2022-11-28,60651.7,202,191,300.26,0.0358,0,5338,48,0.0388
2022-11-29,57123.77,251,197,227.58,0.027,0,7306,50,0.038
2022-11-30,47891.27,211,155,226.97,0.0343,0,4516,37,0.0265
2022-12-01,44124.1,239,185,184.62,0.0503,0,3678,50,0.0125
2022-12-02,48012.04,208,188,230.83,0.0257,0,7323,43,0.0365
2022-12-03,45730.31,211,184,216.73,0.0517,0,3555,43,0.0242
2022-12-04,52957.04,249,201,212.68,0.0432,0,4654,56,0.0206
2022-12-05,45910.68,217,190,211.57,0.029,0,6541,55,0.0493
2022-12-06,52381.13,249,173,210.37,0.0441,0,3924,46,0.0296
2022-12-07,41985.5,260,205,161.48,0.0447,0,4585,46,0.0329
2022-12-08,43933.17,235,179,186.95,0.0511,0,3499,42,0.0238
2022-12-09,45021.61,203,174,221.78,0.0533,0,3261,36,0.047
2022-12-10,47731.59,242,172,197.24,0.0457,0,3767,38,0.0431
2022-12-11,54068.22,218,164,248.02,0.022,0,7440,44,0.0196
2022-12-12,84265.26,259,232,325.35,0.0515,1,4505,54,0.0289
2022-12-13,52478.33,236,166,222.37,0.0331,0,5021,48,0.0451
2022-12-14,46747.87,232,197,201.5,0.0254,0,7762,58,0.0228
2022-12-15,41022.53,207,197,198.18,0.0392,0,5020,49,0.0389
2022-12-16,41245.47,261,158,158.03,0.0518,0,3050,34,0.0453
2022-12-17,56051.14,255,182,219.81,0.0472,0,3859,39,0.04
2022-12-18,64777.23,257,175,252.05,0.0504,0,3469,35,0.0327
2022-12-19,67300.63,220,186,305.91,0.0546,0,3406,47,0.0298
2022-12-20,63096.83,262,165,240.83,0.0495,0,3334,40,0.0177
2022-12-21,53876.12,232,198,232.22,0.0275,0,7195,43,0.0395
2022-12-22,51067.16,253,175,201.85,0.039,0,4486,48,0.017
2022-12-23,56177.8,255,184,220.31,0.0371,0,4964,38,0.0368
2022-12-24,51101.37,214,165,238.79,0.0357,0,4626,48,0.0103
2022-12-25,94643.58,264,233,358.5,0.0292,1,7987,62,0.0125
2022-12-26,66843.83,210,187,318.3,0.0294,0,6370,44,0.0301
2022-12-27,66135.98,223,202,296.57,0.0223,0,9040,58,0.0218
2022-12-28,59052.46,243,172,243.01,0.0261,0,6588,36,0.0161
2022-12-29,59871.09,230,202,260.31,0.0383,0,5271,49,0.0315
2022-12-30,57121.65,246,171,232.2,0.0462,0,3702,45,0.0338
2022-12-31,68385.87,237,203,288.55,0.0314,0,6467,59,0.0145
2023-01-01,88006.39,349,229,252.17,0.0514,1,4454,65,0.0277
2023-01-02,67496.58,235,163,287.22,0.0513,0,3179,39,0.0122
2023-01-03,62377.03,213,191,292.85,0.0334,0,5723,48,0.0324
2023-01-04,61603.64,206,184,299.05,0.0274,0,6711,36,0.0187
2023-01-05,57892.16,209,161,277.0,0.0337,0,4780,43,0.0316
2023-01-06,69381.93,264,189,262.81,0.0192,0,9857,45,0.0408
2023-01-07,70689.0,254,200,278.3,0.0542,0,3690,52,0.0268
2023-01-08,76822.77,260,183,295.47,0.0319,0,5736,49,0.0365
2023-01-09,75127.79,239,167,314.34,0.0422,0,3959,39,0.0171
2023-01-10,68572.35,252,173,272.11,0.0489,0,3538,47,0.0491
2023-01-11,67237.36,235,203,286.12,0.0446,0,4550,49,0.0252
2023-01-12,66148.91,215,177,307.67,0.025,0,7087,50,0.0406
2023-01-13,71308.78,208,202,342.83,0.0335,0,6027,55,0.0454
2023-01-14,75119.62,212,198,354.34,0.0192,0,10289,51,0.0381
2023-01-15,78258.18,209,175,374.44,0.0454,0,3854,42,0.0194
2023-01-16,81158.93,210,168,386.47,0.0366,0,4584,38,0.0426
2023-01-17,83841.47,253,196,331.39,0.0298,0,6577,50,0.0369
2023-01-18,71000.21,216,202,328.7,0.0373,0,5417,48,0.021
2023-01-19,72151.55,242,197,298.15,0.0505,0,3897,57,0.035
2023-01-20,67364.75,229,202,294.17,0.0428,0,4715,56,0.0227
2023-01-21,77907.88,233,187,334.37,0.0235,0,7950,44,0.0402
2023-01-22,74406.13,226,206,329.23,0.0233,0,8825,50,0.0123
2023-01-23,83700.68,234,187,357.7,0.0386,0,4842,39,0.0197
2023-01-24,81039.12,267,189,303.52,0.0493,0,3830,39,0.039
2023-01-25,79420.82,220,164,361.0,0.0279,0,5871,43,0.0341
2023-01-26,73100.09,256,198,285.55,0.0448,0,4419,50,0.0292
2023-01-27,71198.72,263,182,270.72,0.0292,0,6229,52,0.0185
2023-01-28,84717.38,255,210,332.23,0.0357,0,5879,47,0.0342
2023-01-29,92702.36,221,187,419.47,0.0519,0,3605,47,0.041
2023-01-30,85366.57,231,181,369.55,0.0277,0,6539,45,0.0299
2023-01-31,88216.3,215,208,410.31,0.0354,0,5880,59,0.0466
2023-02-01,72526.04,245,176,296.02,0.0454,0,3874,35,0.0321
2023-02-02,74311.86,246,199,302.08,0.0446,0,4457,45,0.0178
2023-02-03,73297.9,224,193,327.22,0.0384,0,5029,56,0.0235
2023-02-04,81783.67,257,193,318.22,0.0538,0,3589,50,0.0296
2023-02-05,84851.39,220,171,385.69,0.0447,0,3829,42,0.0467
2023-02-06,88171.69,244,204,361.36,0.0534,0,3818,51,0.0436
2023-02-07,85039.82,213,211,399.25,0.0182,0,11570,45,0.0352
2023-02-08,76721.93,214,208,358.51,0.0236,0,8818,46,0.0282
2023-02-09,74926.5,269,202,278.54,0.0518,0,3901,53,0.0106
2023-02-10,73010.73,244,198,299.22,0.0332,0,5960,39,0.0389
2023-02-11,72739.88,242,207,300.58,0.0429,0,4820,58,0.0464
2023-02-12,79272.93,217,169,365.31,0.0374,0,4518,37,0.0348
2023-02-13,80688.59,261,188,309.15,0.0209,0,8985,55,0.0284
2023-02-14,126555.26,328,273,385.84,0.0264,1,10357,78,0.0404
2023-02-15,74437.8,246,194,302.59,0.0201,0,9663,38,0.0169
2023-02-16,69887.33,242,191,288.79,0.0419,0,4562,44,0.0491
2023-02-17,76123.63,269,166,282.99,0.0265,0,6263,48,0.0377
2023-02-18,71917.49,247,194,291.16,0.028,0,6921,56,0.0374
2023-02-19,76642.32,254,166,301.74,0.0246,0,6738,47,0.0106
2023-02-20,82587.94,225,201,367.06,0.0233,0,8613,56,0.0428
2023-02-21,77366.83,248,179,311.96,0.039,0,4593,51,0.0371
2023-02-22,67897.59,246,186,276.01,0.0322,0,5775,50,0.0416
2023-02-23,65088.89,259,187,251.31,0.02,0,9356,45,0.0435
2023-02-24,65164.9,233,203,279.68,0.0465,0,4369,59,0.0259
2023-02-25,71017.23,230,215,308.77,0.0547,0,3928,53,0.0242
2023-02-26,74474.41,273,189,272.8,0.034,0,5562,50,0.0364
2023-02-27,80417.77,264,180,304.61,0.0444,0,4055,37,0.0162
2023-02-28,80278.88,258,215,311.16,0.0415,0,5186,58,0.0227
2023-03-01,67673.44,232,193,291.7,0.0313,0,6162,43,0.0153
2023-03-02,64208.97,224,193,286.65,0.0346,0,5576,49,0.0263
2023-03-03,68241.72,218,204,313.04,0.0401,0,5083,47,0.0254
2023-03-04,70141.96,232,192,302.34,0.0323,0,5935,40,0.046
2023-03-05,82238.84,250,199,328.96,0.0243,0,8197,47,0.0156
2023-03-06,69915.8,233,183,300.07,0.0362,0,5048,37,0.0274
2023-03-07,68552.49,218,189,314.46,0.0273,0,6919,42,0.035
2023-03-08,92428.57,325,284,284.4,0.0252,1,11254,66,0.0348
2023-03-09,64777.26,235,193,275.65,0.0482,0,4006,55,0.049
2023-03-10,62039.53,222,185,279.46,0.0299,0,6194,54,0.018
2023-03-11,66263.3,235,185,281.97,0.0452,0,4093,48,0.0487
2023-03-12,82991.88,265,182,313.18,0.0301,0,6055,41,0.0414
2023-03-13,70662.36,227,204,311.29,0.0549,0,3715,44,0.0407
2023-03-14,79107.85,216,213,366.24,0.0351,0,6071,57,0.0275
2023-03-15,66700.75,267,217,249.82,0.0474,0,4576,58,0.0156
2023-03-16,70333.93,234,182,300.57,0.0273,0,6654,39,0.0269
2023-03-17,63892.24,254,197,251.54,0.0395,0,4981,49,0.0469
2023-03-18,74351.23,271,211,274.36,0.0335,0,6302,42,0.0487
2023-03-19,74851.35,254,208,294.69,0.0518,0,4012,43,0.0199
2023-03-20,72238.21,258,190,279.99,0.0242,0,7866,49,0.0325
2023-03-21,72454.54,264,189,274.45,0.0537,0,3517,45,0.0104
2023-03-22,66824.23,232,182,288.04,0.0369,0,4932,45,0.0332
2023-03-23,64678.28,241,197,268.37,0.0466,0,4229,50,0.03
2023-03-24,68007.86,239,169,284.55,0.0359,0,4712,38,0.0468
2023-03-25,80631.62,263,177,306.58,0.0309,0,5730,41,0.0414
2023-03-26,83601.55,250,198,334.41,0.0309,0,6410,41,0.0389
2023-03-27,80688.22,219,214,368.44,0.0223,0,9614,60,0.0359
2023-03-28,84653.21,260,179,325.59,0.0524,0,3415,49,0.0306
2023-03-29,76679.2,244,198,314.26,0.0266,0,7449,47,0.0174
2023-03-30,75997.04,257,211,295.71,0.034,0,6207,42,0.0346
2023-03-31,80286.26,242,169,331.76,0.0441,0,3834,37,0.0401
2023-04-01,83491.4,269,219,310.38,0.0203,0,10780,46,0.0449
2023-04-02,85552.19,247,176,346.37,0.0277,0,6352,50,0.0311
2023-04-03,88980.39,258,189,344.89,0.0401,0,4714,49,0.0335
2023-04-04,79556.94,257,180,309.56,0.0481,0,3741,48,0.0219
2023-04-05,84365.92,257,207,328.27,0.0211,0,9793,44,0.0147
2023-04-06,75413.4,263,179,286.74,0.0369,0,4850,43,0.0155
2023-04-07,79986.42,243,197,329.16,0.0249,0,7920,51,0.0377
2023-04-08,73947.54,254,180,291.13,0.0361,0,4983,38,0.0226
2023-04-09,76471.65,247,209,309.6,0.02,0,10458,49,0.0104
2023-04-10,94227.65,254,202,370.98,0.0422,0,4790,48,0.0297
2023-04-11,92126.2,264,198,348.96,0.0361,0,5487,41,0.0112
2023-04-12,82717.22,236,184,350.5,0.0379,0,4855,39,0.0283
2023-04-13,76800.92,267,220,287.64,0.0463,0,4747,56,0.0145
2023-04-14,85821.92,272,194,315.52,0.0381,0,5097,53,0.0404
2023-04-15,90307.54,248,205,364.14,0.0261,0,7858,49,0.0394
2023-04-16,89862.26,275,173,326.77,0.0346,0,4994,40,0.0427
2023-04-17,90659.17,248,178,365.56,0.0467,0,3811,39,0.0424
2023-04-18,87086.61,265,210,328.63,0.0414,0,5070,45,0.0156
2023-04-19,83176.43,233,184,356.98,0.0478,0,3849,47,0.0313
2023-04-20,80089.64,266,189,301.09,0.0287,0,6584,42,0.0443
2023-04-21,81934.44,278,215,294.73,0.0482,0,4464,45,0.04
2023-04-22,86918.49,238,213,365.2,0.0227,0,9385,61,0.02
2023-04-23,93371.7,266,192,351.02,0.0487,0,3946,53,0.037
2023-04-24,89337.55,238,212,375.37,0.0333,0,6361,51,0.0353
2023-04-25,90974.44,277,221,328.43,0.0214,0,10305,55,0.0211
2023-04-26,88511.79,282,203,313.87,0.0301,0,6742,40,0.041
2023-04-27,80776.39,268,177,301.4,0.045,0,3929,43,0.0366
2023-04-28,87319.17,256,197,341.09,0.0261,0,7559,47,0.0185
2023-04-29,93622.48,239,192,391.73,0.0486,0,3946,44,0.0331
2023-04-30,93430.33,243,216,384.49,0.0462,0,4674,44,0.035
2023-05-01,152806.95,343,255,445.5,0.0186,1,13707,76,0.0271
2023-05-02,97169.25,278,214,349.53,0.0292,0,7336,61,0.0451
2023-05-03,83766.08,228,214,367.4,0.0313,0,6829,44,0.0366
2023-05-04,79693.09,263,192,303.02,0.0449,0,4279,52,0.0272
2023-05-05,80219.04,228,218,351.84,0.0215,0,10129,48,0.0131
2023-05-06,81881.27,251,173,326.22,0.0183,0,9454,40,0.0148
2023-05-07,87289.85,278,200,313.99,0.0437,0,4578,49,0.0192
2023-05-08,95683.82,229,194,417.83,0.0316,0,6139,44,0.0253
2023-05-09,89935.91,275,222,327.04,0.0504,0,4408,58,0.0371
2023-05-10,84916.97,263,215,322.88,0.0241,0,8931,50,0.0185
2023-05-11,78896.12,271,183,291.13,0.052,0,3516,47,0.0277
2023-05-12,79124.21,232,222,341.05,0.0226,0,9841,60,0.0241
2023-05-13,88995.81,251,194,354.56,0.0473,0,4104,43,0.0358
2023-05-14,85833.16,270,212,317.9,0.0285,0,7427,62,0.0111
2023-05-15,91059.02,278,216,327.55,0.0504,0,4285,47,0.0343
2023-05-16,83748.51,266,178,314.84,0.047,0,3787,49,0.0196
2023-05-17,79823.66,249,182,320.58,0.0269,0,6760,48,0.0128
2023-05-18,73116.15,248,195,294.82,0.0229,0,8521,55,0.0327
2023-05-19,72859.41,248,209,293.79,0.0433,0,4830,57,0.0482
2023-05-20,77336.89,229,175,337.72,0.0277,0,6317,35,0.0124
2023-05-21,80665.69,275,200,293.33,0.0367,0,5442,52,0.03
2023-05-22,77129.45,230,215,335.35,0.0379,0,5679,56,0.0211
2023-05-23,80706.77,245,180,329.42,0.0369,0,4875,39,0.0423
2023-05-24,68729.2,266,223,258.38,0.0489,0,4562,59,0.0126
2023-05-25,67481.44,270,203,249.93,0.045,0,4510,57,0.0123
2023-05-26,72042.16,255,215,282.52,0.0405,0,5305,49,0.0397
2023-05-27,74886.22,273,187,274.31,0.0224,0,8340,50,0.0381
2023-05-28,86559.58,259,209,334.21,0.047,0,4449,56,0.0167
2023-05-29,90146.12,234,223,385.24,0.0469,0,4754,50,0.0455
2023-05-30,79091.91,278,203,284.5,0.0281,0,7233,41,0.0385
2023-05-31,72445.19,263,216,275.46,0.0209,0,10358,53,0.0244
2023-06-01,60066.99,250,186,240.27,0.0274,0,6778,39,0.033
2023-06-02,65343.01,273,184,239.35,0.0265,0,6956,46,0.0118
2023-06-03,71340.16,257,200,277.59,0.0322,0,6216,43,0.0472
2023-06-04,71976.59,281,179,256.14,0.0385,0,4654,52,0.0396
2023-06-05,72101.89,254,223,283.87,0.0298,0,7473,63,0.0329
2023-06-06,72758.69,235,209,309.61,0.0429,0,4870,42,0.0189
2023-06-07,64732.0,253,181,255.86,0.0504,0,3587,51,0.0409
2023-06-08,62227.82,247,197,251.93,0.0212,0,9294,48,0.0248
2023-06-09,61724.62,275,216,224.45,0.027,0,8007,51,0.0489
2023-06-10,73776.91,277,227,266.34,0.0252,0,8997,65,0.0404
2023-06-11,72445.57,254,179,285.22,0.0266,0,6724,42,0.0436
2023-06-12,73913.7,285,178,259.35,0.0532,0,3346,35,0.0363
2023-06-13,73521.27,235,191,312.86,0.0376,0,5079,42,0.0297
2023-06-14,60440.32,232,187,260.52,0.0443,0,4218,39,0.0469
2023-06-15,65198.32,273,201,238.82,0.035,0,5748,55,0.0332
2023-06-16,60487.91,261,186,231.75,0.0416,0,4473,44,0.0337
2023-06-17,72597.64,237,193,306.32,0.0288,0,6703,55,0.047
2023-06-18,210897.01,600,435,351.5,0.0488,1,8917,128,0.0154
2023-06-19,74188.03,236,189,314.36,0.0346,0,5457,43,0.0148
2023-06-20,69255.09,252,228,274.82,0.0257,0,8877,52,0.0206
2023-06-21,67432.87,273,198,247.01,0.0486,0,4076,53,0.0116
2023-06-22,64341.66,283,199,227.36,0.0235,0,8472,53,0.0487
2023-06-23,63488.41,249,195,254.97,0.0483,0,4033,42,0.0481
2023-06-24,70028.24,284,207,246.58,0.0386,0,5366,52,0.0138
2023-06-25,79349.1,238,179,333.4,0.0203,0,8825,49,0.0189
2023-06-26,79569.13,243,204,327.44,0.0318,0,6420,53,0.0358
2023-06-27,70601.71,283,184,249.48,0.0188,0,9783,37,0.0461
2023-06-28,71772.96,259,188,277.12,0.0214,0,8783,53,0.0424
2023-06-29,76242.4,234,190,325.82,0.0522,0,3640,46,0.039
2023-06-30,77600.3,262,181,296.18,0.0322,0,5627,43,0.0242
2023-07-01,74215.88,259,189,286.55,0.0193,0,9801,49,0.0198
2023-07-02,75417.11,250,211,301.67,0.0332,0,6347,53,0.0124
2023-07-03,78145.42,244,221,320.27,0.0507,0,4356,55,0.0352
2023-07-04,77514.43,283,214,273.9,0.0474,0,4513,63,0.0413
2023-07-05,68049.49,263,203,258.74,0.0518,0,3921,50,0.0255
2023-07-06,71362.68,243,182,293.67,0.0298,0,6107,40,0.0458
2023-07-07,69714.5,262,214,266.09,0.0312,0,6853,55,0.0193
2023-07-08,73354.47,242,187,303.12,0.0272,0,6882,41,0.0313
2023-07-09,81056.9,281,195,288.46,0.0393,0,4961,58,0.0255
2023-07-10,75552.78,292,192,258.74,0.0245,0,7831,49,0.0422
2023-07-11,75645.64,234,226,323.27,0.0439,0,5145,66,0.0325
2023-07-12,65901.96,269,193,244.99,0.049,0,3942,54,0.0488
2023-07-13,68164.92,235,186,290.06,0.0201,0,9263,48,0.0108
2023-07-14,71100.82,263,182,270.35,0.0303,0,6011,47,0.0423
2023-07-15,75400.55,285,202,264.56,0.0202,0,9998,43,0.0382
2023-07-16,83307.03,243,231,342.83,0.0221,0,10450,58,0.0246
2023-07-17,87694.93,276,207,317.74,0.0397,0,5216,48,0.0229
2023-07-18,82078.73,244,228,336.39,0.0531,0,4293,63,0.0484
2023-07-19,73284.8,269,226,272.43,0.0509,0,4438,59,0.0243
2023-07-20,69641.59,276,219,252.32,0.0481,0,4549,52,0.0394
2023-07-21,71973.24,234,226,307.58,0.0531,0,4255,54,0.0498
2023-07-22,79370.04,271,185,292.88,0.0247,0,7478,42,0.0424
2023-07-23,78092.63,241,214,324.04,0.0232,0,9222,58,0.0195
2023-07-24,79780.61,255,193,312.87,0.0415,0,4646,57,0.0429
2023-07-25,76918.64,256,211,300.46,0.0184,0,11453,46,0.0377
2023-07-26,69330.33,257,199,269.77,0.0471,0,4223,54,0.0119
2023-07-27,67478.57,245,209,275.42,0.0362,0,5766,49,0.0318
2023-07-28,78177.84,241,213,324.39,0.0472,0,4514,54,0.0403
2023-07-29,81816.25,287,185,285.07,0.0289,0,6398,42,0.0481
2023-07-30,89419.08,240,205,372.58,0.0243,0,8438,48,0.0393
2023-07-31,79305.88,241,205,329.07,0.04,0,5127,53,0.0293
2023-08-01,75676.99,237,211,319.31,0.0529,0,3990,45,0.0456
2023-08-02,73149.07,249,196,293.77,0.0331,0,5913,50,0.047
2023-08-03,69938.3,270,200,259.03,0.0424,0,4712,45,0.0138
2023-08-04,65837.86,268,193,245.66,0.02,0,9641,38,0.0135
2023-08-05,76261.36,289,226,263.88,0.0411,0,5494,56,0.0139
2023-08-06,79023.99,242,214,326.55,0.0492,0,4347,49,0.0259
2023-08-07,83127.73,268,226,310.18,0.0278,0,8127,59,0.0255
2023-08-08,72154.73,248,213,290.95,0.0197,0,10839,51,0.0205
2023-08-09,71224.98,290,202,245.6,0.0389,0,5195,43,0.0379
2023-08-10,69169.87,288,219,240.17,0.0333,0,6573,60,0.0191
2023-08-11,68421.25,241,209,283.91,0.0483,0,4328,50,0.0314
2023-08-12,72186.31,294,200,245.53,0.0356,0,5614,41,0.0461
2023-08-13,70635.93,283,187,249.6,0.0366,0,5112,54,0.042
2023-08-14,71961.4,245,233,293.72,0.0346,0,6731,68,0.0167
2023-08-15,96738.12,375,247,257.97,0.0227,1,10895,74,0.0351
2023-08-16,65719.91,296,232,222.03,0.0518,0,4476,47,0.0255
2023-08-17,58127.49,263,221,221.02,0.0301,0,7350,50,0.0283
2023-08-18,65281.28,278,223,234.82,0.0373,0,5972,53,0.0266
2023-08-19,60631.84,248,222,244.48,0.0398,0,5584,61,0.0476
2023-08-20,73089.71,245,236,298.33,0.0286,0,8255,59,0.0238
2023-08-21,67568.57,265,202,254.98,0.0322,0,6278,50,0.0344
2023-08-22,68488.09,248,225,276.16,0.0405,0,5552,60,0.0116
2023-08-23,60608.39,295,207,205.45,0.0435,0,4753,42,0.029
2023-08-24,55734.48,261,237,213.54,0.0292,0,8112,54,0.0297
2023-08-25,60083.57,284,230,211.56,0.0216,0,10631,65,0.0154
2023-08-26,64620.14,292,207,221.3,0.028,0,7401,50,0.0358
2023-08-27,64451.13,252,215,255.76,0.0258,0,8326,60,0.0396
2023-08-28,71154.72,292,190,243.68,0.0371,0,5126,41,0.0224
2023-08-29,60012.57,272,212,220.63,0.023,0,9209,60,0.0452
2023-08-30,63653.4,293,199,217.25,0.049,0,4063,44,0.0283
2023-08-31,58175.45,299,210,194.57,0.0441,0,4764,47,0.0429
2023-09-01,48591.06,248,230,195.93,0.0191,0,12022,54,0.0338
2023-09-02,57767.41,252,218,229.24,0.0397,0,5489,51,0.0165
2023-09-03,66918.04,285,193,234.8,0.0285,0,6760,46,0.0165
2023-09-04,59659.52,277,237,215.38,0.0537,0,4413,67,0.0359
2023-09-05,58568.08,267,220,219.36,0.0187,0,11738,61,0.0407
2023-09-06,51916.85,241,218,215.42,0.0517,0,4214,57,0.034
2023-09-07,53696.19,293,207,183.26,0.0444,0,4665,56,0.021
2023-09-08,52241.42,299,212,174.72,0.0495,0,4282,52,0.0187
2023-09-09,55376.25,281,213,197.07,0.0396,0,5375,42,0.05
2023-09-10,65444.51,295,212,221.85,0.0388,0,5467,54,0.0213
2023-09-11,61011.1,263,206,231.98,0.0417,0,4939,58,0.0204
2023-09-12,55769.93,287,230,194.32,0.0291,0,7915,49,0.0406
2023-09-13,59471.52,294,227,202.28,0.033,0,6888,52,0.0156
2023-09-14,47531.68,244,230,194.8,0.0364,0,6318,52,0.0463
2023-09-15,47895.43,280,234,171.06,0.0548,0,4269,65,0.0237
2023-09-16,60765.7,288,203,210.99,0.0434,0,4678,53,0.029
2023-09-17,65571.11,262,199,250.27,0.0491,0,4052,57,0.0172
2023-09-18,62761.69,249,220,252.05,0.0227,0,9677,49,0.0423
2023-09-19,61235.91,286,211,214.11,0.0422,0,4998,46,0.0189
2023-09-20,54001.9,299,209,180.61,0.0336,0,6228,60,0.0249
2023-09-21,50020.32,251,220,199.28,0.02,0,11007,57,0.0332
2023-09-22,52965.36,283,194,187.16,0.0355,0,5469,42,0.0148
2023-09-23,58302.19,270,193,215.93,0.0502,0,3842,41,0.0497
2023-09-24,61391.74,265,216,231.67,0.0545,0,3961,62,0.0495
2023-09-25,71289.0,255,239,279.56,0.021,0,11386,55,0.0495
2023-09-26,69695.92,264,230,264.0,0.0201,0,11416,56,0.0184
2023-09-27,60250.28,255,222,236.28,0.0471,0,4718,61,0.0152
2023-09-28,57352.13,272,231,210.85,0.0339,0,6816,56,0.0291
2023-09-29,67943.26,291,214,233.48,0.0532,0,4026,61,0.0403
2023-09-30,69023.66,278,203,248.29,0.0187,0,10877,40,0.0393
2023-10-01,70245.09,264,199,266.08,0.0218,0,9128,49,0.0222
2023-10-02,78022.9,249,193,313.34,0.029,0,6647,44,0.0391
2023-10-03,65679.18,302,234,217.48,0.0548,0,4267,54,0.0461
2023-10-04,61878.12,268,239,230.89,0.025,0,9570,70,0.0467
2023-10-05,58969.57,292,200,201.95,0.0258,0,7747,40,0.0302
2023-10-06,64230.42,253,215,253.88,0.0443,0,4852,60,0.025
2023-10-07,64247.86,285,195,225.43,0.04,0,4878,39,0.0143
2023-10-08,68698.66,299,193,229.76,0.0198,0,9755,40,0.0278
2023-10-09,76967.51,290,201,265.41,0.0256,0,7850,53,0.0104
2023-10-10,74237.96,273,234,271.93,0.0217,0,10765,58,0.0349
2023-10-11,66581.17,304,198,219.02,0.0369,0,5361,51,0.0213
2023-10-12,61486.98,297,198,207.03,0.0364,0,5437,51,0.0411
2023-10-13,71223.79,269,238,264.77,0.0332,0,7177,51,0.0319
2023-10-14,63567.24,305,206,208.42,0.0435,0,4739,51,0.0194
2023-10-15,78415.22,254,229,308.72,0.0428,0,5356,49,0.0136
2023-10-16,78607.02,279,197,281.75,0.0448,0,4400,41,0.0202
2023-10-17,76867.68,266,209,288.98,0.0352,0,5941,43,0.017
2023-10-18,81188.22,250,211,324.75,0.0313,0,6735,56,0.027
2023-10-19,72968.66,304,195,240.03,0.0184,0,10622,41,0.0359
2023-10-20,73873.81,269,215,274.62,0.0511,0,4207,63,0.0207
2023-10-21,73924.55,269,204,274.81,0.0222,0,9184,48,0.0283
2023-10-22,75846.48,301,218,251.98,0.0435,0,5008,54,0.0269
2023-10-23,82160.0,257,238,319.69,0.0449,0,5303,70,0.0438
2023-10-24,76095.25,255,220,298.41,0.0517,0,4254,54,0.0328
2023-10-25,67952.2,298,216,228.03,0.0406,0,5317,61,0.0452
2023-10-26,71076.91,295,202,240.94,0.0359,0,5630,50,0.0455
2023-10-27,69294.02,290,214,238.94,0.0185,0,11594,61,0.031
2023-10-28,80651.65,296,230,272.47,0.0448,0,5136,51,0.0482
2023-10-29,87833.98,293,238,299.77,0.0409,0,5822,57,0.0391
2023-10-30,82963.39,280,217,296.3,0.0426,0,5099,57,0.0159
2023-10-31,86086.34,289,198,297.88,0.0184,0,10742,58,0.0302
2023-11-01,65814.39,280,226,235.05,0.0502,0,4504,46,0.0297
2023-11-02,69514.97,253,227,274.76,0.0262,0,8650,60,0.0261
2023-11-03,79241.0,265,200,299.02,0.035,0,5716,56,0.0279
2023-11-04,76847.94,257,226,299.02,0.0456,0,4958,45,0.0261
2023-11-05,75971.93,252,230,301.48,0.0383,0,6002,64,0.0417
2023-11-06,84732.49,307,227,276.0,0.0388,0,5849,60,0.0282
2023-11-07,75228.79,272,219,276.58,0.0485,0,4512,61,0.0438
2023-11-08,67940.92,289,226,235.09,0.0445,0,5076,53,0.0281
2023-11-09,72543.24,257,244,282.27,0.0424,0,5757,48,0.0242
2023-11-10,63994.24,286,229,223.76,0.0318,0,7193,48,0.0459
2023-11-11,220085.97,656,403,335.5,0.0484,1,8325,88,0.0148
2023-11-12,78363.37,304,246,257.77,0.0251,0,9819,57,0.0403
2023-11-13,75761.31,254,236,298.27,0.049,0,4817,61,0.0409
2023-11-14,69231.5,284,204,243.77,0.0537,0,3801,40,0.0394
2023-11-15,70122.77,287,223,244.33,0.049,0,4547,55,0.0303
2023-11-16,66872.68,289,208,231.39,0.045,0,4619,44,0.0255
2023-11-17,64713.29,290,235,223.15,0.0507,0,4638,58,0.0254
2023-11-18,77815.75,300,212,259.39,0.0281,0,7538,62,0.0488
2023-11-19,73437.71,281,205,261.34,0.0231,0,8869,53,0.0455
2023-11-20,68545.19,288,217,238.0,0.0443,0,4894,63,0.0353
2023-11-21,71171.17,265,210,268.57,0.0411,0,5110,48,0.0238
2023-11-22,61546.51,294,208,209.34,0.0366,0,5676,56,0.0229
2023-11-23,53910.97,260,245,207.35,0.031,0,7894,60,0.0328
2023-11-24,61710.37,300,232,205.7,0.0286,0,8117,66,0.0423
2023-11-25,64801.31,286,204,226.58,0.0189,0,10773,43,0.0368
2023-11-26,74224.26,264,216,281.15,0.0433,0,4990,46,0.0125
2023-11-27,78916.92,304,216,259.6,0.0255,0,8454,54,0.0243
2023-11-28,70320.96,297,245,236.77,0.0388,0,6316,54,0.0359
2023-11-29,71018.01,278,213,255.46,0.0369,0,5771,59,0.0378
2023-11-30,65852.72,278,222,236.88,0.0334,0,6644,61,0.0374
2023-12-01,61291.35,289,201,212.08,0.0185,0,10876,45,0.0348
2023-12-02,68314.16,308,213,221.8,0.0517,0,4117,57,0.0359
2023-12-03,64685.99,303,236,213.49,0.0382,0,6174,61,0.041
2023-12-04,75652.5,266,242,284.41,0.0208,0,11659,71,0.0394
2023-12-05,68966.1,262,223,263.23,0.0195,0,11433,50,0.0206
2023-12-06,68100.04,255,220,267.06,0.0353,0,6240,64,0.0116
2023-12-07,67131.7,314,219,213.8,0.0401,0,5463,60,0.035
2023-12-08,64363.29,305,235,211.03,0.0384,0,6126,48,0.0383
2023-12-09,65160.76,289,213,225.47,0.0534,0,3988,53,0.0415
2023-12-10,74935.8,281,204,266.68,0.0309,0,6595,58,0.0365
2023-12-11,77713.4,277,223,280.55,0.0289,0,7726,65,0.0347
2023-12-12,104511.85,405,331,258.05,0.0183,1,18062,86,0.0348
2023-12-13,66977.35,258,243,259.6,0.0508,0,4786,57,0.0418
2023-12-14,65470.71,302,218,216.79,0.0189,0,11525,54,0.0408
2023-12-15,66794.71,288,232,231.93,0.0345,0,6727,47,0.0459
2023-12-16,71689.28,317,206,226.15,0.0242,0,8514,60,0.0315
2023-12-17,79341.61,257,240,308.72,0.0204,0,11751,64,0.0409
2023-12-18,79546.62,263,213,302.46,0.0379,0,5620,57,0.049
2023-12-19,71689.81,306,228,234.28,0.0419,0,5438,67,0.0399
2023-12-20,72059.28,278,203,259.21,0.0212,0,9558,41,0.0418
2023-12-21,70438.18,292,205,241.23,0.0393,0,5219,45,0.0203
2023-12-22,65305.01,285,221,229.14,0.0186,0,11865,59,0.0314
2023-12-23,77644.96,299,247,259.68,0.0409,0,6042,68,0.0334
2023-12-24,79442.54,317,233,250.61,0.0219,0,10626,64,0.0221
2023-12-25,118673.33,346,288,342.99,0.0463,1,6218,71,0.0313
2023-12-26,81534.76,309,235,263.87,0.0289,0,8127,61,0.0219
2023-12-27,77447.43,314,252,246.65,0.0501,0,5031,66,0.0483
2023-12-28,84463.73,267,209,316.34,0.0195,0,10692,53,0.0258
2023-12-29,79795.53,294,207,271.41,0.0293,0,7071,56,0.0461
2023-12-30,82777.92,300,234,275.93,0.0233,0,10055,51,0.0347
2023-12-31,93281.9,275,214,339.21,0.0222,0,9621,57,0.0327
