session_id,user_id,page_url,visit_time
5001,65,/home,2024-01-01 00:02:16
5001,65,/product,2024-01-01 00:04:10
5001,65,/cart,2024-01-01 00:06:25
5001,65,/checkout,2024-01-01 00:08:21
5001,65,/about,2024-01-01 00:10:24
5001,65,/about,2024-01-01 00:12:39
5001,65,/about,2024-01-01 00:13:31
5002,11,/home,2024-01-01 00:13:48
5002,11,/product,2024-01-01 00:14:54
5002,11,/cart,2024-01-01 00:16:18
5002,11,/checkout,2024-01-01 00:16:36
5002,11,/about,2024-01-01 00:17:56
5002,11,/about,2024-01-01 00:19:03
5003,69,/home,2024-01-01 00:19:56
5003,69,/product,2024-01-01 00:22:03
5003,69,/cart,2024-01-01 00:24:37
5003,69,/checkout,2024-01-01 00:26:53
5004,71,/home,2024-01-01 00:27:31
5004,71,/product,2024-01-01 00:30:07
5004,71,/cart,2024-01-01 00:30:46
5004,71,/checkout,2024-01-01 00:32:04
5004,71,/about,2024-01-01 00:34:33
5004,71,/about,2024-01-01 00:36:16
5005,70,/home,2024-01-01 00:36:36
5005,70,/product,2024-01-01 00:38:38
5005,70,/cart,2024-01-01 00:41:07
5005,70,/checkout,2024-01-01 00:42:12
5005,70,/about,2024-01-01 00:44:10
5005,70,/about,2024-01-01 00:44:46
5005,70,/about,2024-01-01 00:47:43
5005,70,/about,2024-01-01 00:48:56
5006,39,/home,2024-01-01 00:49:14
5006,39,/product,2024-01-01 00:51:19
5006,39,/cart,2024-01-01 00:52:36
5006,39,/checkout,2024-01-01 00:54:15
5006,39,/about,2024-01-01 00:54:47
5006,39,/about,2024-01-01 00:56:49
5006,39,/about,2024-01-01 00:57:29
5006,39,/about,2024-01-01 00:58:39
5007,27,/home,2024-01-01 01:01:19
5007,27,/product,2024-01-01 01:02:58
5007,27,/cart,2024-01-01 01:05:44
5007,27,/checkout,2024-01-01 01:08:35
5007,27,/about,2024-01-01 01:10:34
5007,27,/about,2024-01-01 01:11:26
5007,27,/about,2024-01-01 01:14:13
5007,27,/about,2024-01-01 01:14:58
5008,27,/home,2024-01-01 01:16:00
5008,27,/product,2024-01-01 01:16:25
5008,27,/cart,2024-01-01 01:19:00
5008,27,/checkout,2024-01-01 01:20:39
5008,27,/about,2024-01-01 01:23:05
5008,27,/about,2024-01-01 01:24:26
5008,27,/about,2024-01-01 01:27:08
5008,27,/about,2024-01-01 01:29:35
5009,22,/home,2024-01-01 01:30:59
5009,22,/product,2024-01-01 01:32:23
5009,22,/cart,2024-01-01 01:34:59
5009,22,/checkout,2024-01-01 01:36:17
5010,66,/home,2024-01-01 01:36:51
5010,66,/product,2024-01-01 01:37:35
5010,66,/cart,2024-01-01 01:39:30
5010,66,/checkout,2024-01-01 01:39:55
5010,66,/about,2024-01-01 01:41:15
5010,66,/about,2024-01-01 01:44:12
5010,66,/about,2024-01-01 01:44:54
5011,90,/home,2024-01-01 01:45:37
5011,90,/product,2024-01-01 01:46:50
5011,90,/cart,2024-01-01 01:47:37
5011,90,/checkout,2024-01-01 01:49:09
5011,90,/about,2024-01-01 01:50:22
5011,90,/about,2024-01-01 01:52:12
5011,90,/about,2024-01-01 01:54:27
5011,90,/about,2024-01-01 01:55:13
5012,74,/home,2024-01-01 01:56:31
5012,74,/product,2024-01-01 01:59:21
5012,74,/cart,2024-01-01 02:01:17
5012,74,/checkout,2024-01-01 02:03:03
5012,74,/about,2024-01-01 02:05:08
5012,74,/about,2024-01-01 02:05:37
5012,74,/about,2024-01-01 02:08:29
5013,99,/home,2024-01-01 02:10:22
5013,99,/product,2024-01-01 02:12:43
5014,96,/home,2024-01-01 02:14:27
5014,96,/product,2024-01-01 02:16:33
5014,96,/cart,2024-01-01 02:18:47
5014,96,/checkout,2024-01-01 02:20:20
5015,75,/home,2024-01-01 02:20:53
5015,75,/product,2024-01-01 02:23:00
5016,82,/home,2024-01-01 02:24:41
5016,82,/product,2024-01-01 02:25:07
5016,82,/cart,2024-01-01 02:27:33
5016,82,/checkout,2024-01-01 02:29:24
5016,82,/about,2024-01-01 02:30:29
5016,82,/about,2024-01-01 02:32:28
5016,82,/about,2024-01-01 02:33:32
5017,64,/home,2024-01-01 02:35:04
5017,64,/product,2024-01-01 02:36:26
5017,64,/cart,2024-01-01 02:38:02
5017,64,/checkout,2024-01-01 02:40:32
5018,74,/home,2024-01-01 02:43:06
5018,74,/product,2024-01-01 02:45:20
5018,74,/cart,2024-01-01 02:46:57
5019,88,/home,2024-01-01 02:47:19
5019,88,/product,2024-01-01 02:47:40
5019,88,/cart,2024-01-01 02:48:15
5019,88,/checkout,2024-01-01 02:51:05
5019,88,/about,2024-01-01 02:53:12
5019,88,/about,2024-01-01 02:53:26
5019,88,/about,2024-01-01 02:54:07
5019,88,/about,2024-01-01 02:54:57
5020,57,/home,2024-01-01 02:55:07
5020,57,/product,2024-01-01 02:57:06
5020,57,/cart,2024-01-01 02:58:07
5020,57,/checkout,2024-01-01 02:58:50
5020,57,/about,2024-01-01 03:01:46
5021,39,/home,2024-01-01 03:03:06
5021,39,/product,2024-01-01 03:03:39
5021,39,/cart,2024-01-01 03:06:36
5022,47,/home,2024-01-01 03:07:07
5022,47,/product,2024-01-01 03:08:52
5022,47,/cart,2024-01-01 03:11:52
5022,47,/checkout,2024-01-01 03:14:48
5023,22,/home,2024-01-01 03:16:39
5023,22,/product,2024-01-01 03:19:29
5024,40,/home,2024-01-01 03:20:38
5024,40,/product,2024-01-01 03:22:37
5024,40,/cart,2024-01-01 03:25:34
5024,40,/checkout,2024-01-01 03:26:07
5024,40,/about,2024-01-01 03:26:41
5024,40,/about,2024-01-01 03:26:51
5024,40,/about,2024-01-01 03:27:55
5025,62,/home,2024-01-01 03:28:38
5025,62,/product,2024-01-01 03:31:19
5026,29,/home,2024-01-01 03:33:22
5026,29,/product,2024-01-01 03:33:34
5026,29,/cart,2024-01-01 03:33:46
5026,29,/checkout,2024-01-01 03:35:23
5026,29,/about,2024-01-01 03:36:03
5026,29,/about,2024-01-01 03:38:01
5027,89,/home,2024-01-01 03:40:13
5027,89,/product,2024-01-01 03:40:41
5027,89,/cart,2024-01-01 03:41:49
5028,50,/home,2024-01-01 03:42:25
5028,50,/product,2024-01-01 03:43:01
5029,41,/home,2024-01-01 03:44:27
5029,41,/product,2024-01-01 03:45:12
5029,41,/cart,2024-01-01 03:46:59
5029,41,/checkout,2024-01-01 03:47:43
5030,83,/home,2024-01-01 03:48:29
5030,83,/product,2024-01-01 03:48:56
5030,83,/cart,2024-01-01 03:51:21
5030,83,/checkout,2024-01-01 03:53:55
5030,83,/about,2024-01-01 03:54:07
5030,83,/about,2024-01-01 03:56:53
5030,83,/about,2024-01-01 03:59:49
5031,22,/home,2024-01-01 04:01:28
5031,22,/product,2024-01-01 04:02:32
5031,22,/cart,2024-01-01 04:05:22
5031,22,/checkout,2024-01-01 04:06:10
5031,22,/about,2024-01-01 04:08:05
5032,79,/home,2024-01-01 04:10:08
5032,79,/product,2024-01-01 04:11:13
5032,79,/cart,2024-01-01 04:11:45
5032,79,/checkout,2024-01-01 04:12:20
5032,79,/about,2024-01-01 04:13:05
5032,79,/about,2024-01-01 04:13:46
5032,79,/about,2024-01-01 04:16:26
5033,94,/home,2024-01-01 04:18:05
5033,94,/product,2024-01-01 04:20:04
5033,94,/cart,2024-01-01 04:21:34
5033,94,/checkout,2024-01-01 04:22:19
5033,94,/about,2024-01-01 04:23:32
5034,36,/home,2024-01-01 04:24:03
5034,36,/product,2024-01-01 04:25:16
5034,36,/cart,2024-01-01 04:27:47
5034,36,/checkout,2024-01-01 04:30:30
5034,36,/about,2024-01-01 04:33:13
5034,36,/about,2024-01-01 04:35:58
5034,36,/about,2024-01-01 04:37:20
5035,100,/home,2024-01-01 04:37:36
5035,100,/product,2024-01-01 04:40:34
5035,100,/cart,2024-01-01 04:42:01
5035,100,/checkout,2024-01-01 04:43:03
5035,100,/about,2024-01-01 04:45:25
5035,100,/about,2024-01-01 04:48:10
5035,100,/about,2024-01-01 04:50:30
5036,25,/home,2024-01-01 04:52:20
5036,25,/product,2024-01-01 04:53:45
5036,25,/cart,2024-01-01 04:56:40
5036,25,/checkout,2024-01-01 04:57:03
5036,25,/about,2024-01-01 04:58:14
5036,25,/about,2024-01-01 05:00:30
5036,25,/about,2024-01-01 05:02:18
5037,15,/home,2024-01-01 05:04:35
5037,15,/product,2024-01-01 05:07:28
5037,15,/cart,2024-01-01 05:10:10
5038,10,/home,2024-01-01 05:10:23
5038,10,/product,2024-01-01 05:12:05
5038,10,/cart,2024-01-01 05:13:36
5038,10,/checkout,2024-01-01 05:14:19
5038,10,/about,2024-01-01 05:16:08
5038,10,/about,2024-01-01 05:18:43
5039,54,/home,2024-01-01 05:21:12
5039,54,/product,2024-01-01 05:22:06
5039,54,/cart,2024-01-01 05:24:16
5039,54,/checkout,2024-01-01 05:24:44
5040,3,/home,2024-01-01 05:25:11
5040,3,/product,2024-01-01 05:25:24
5040,3,/cart,2024-01-01 05:26:41
5040,3,/checkout,2024-01-01 05:27:46
5040,3,/about,2024-01-01 05:28:06
5040,3,/about,2024-01-01 05:28:31
5041,51,/home,2024-01-01 05:29:54
5041,51,/product,2024-01-01 05:32:44
5041,51,/cart,2024-01-01 05:35:02
5041,51,/checkout,2024-01-01 05:36:58
5041,51,/about,2024-01-01 05:38:56
5041,51,/about,2024-01-01 05:40:48
5042,11,/home,2024-01-01 05:43:15
5042,11,/product,2024-01-01 05:45:42
5042,11,/cart,2024-01-01 05:48:29
5042,11,/checkout,2024-01-01 05:49:18
5042,11,/about,2024-01-01 05:50:39
5042,11,/about,2024-01-01 05:51:10
5042,11,/about,2024-01-01 05:52:39
5043,11,/home,2024-01-01 05:53:41
5043,11,/product,2024-01-01 05:54:30
5043,11,/cart,2024-01-01 05:56:57
5043,11,/checkout,2024-01-01 05:58:30
5043,11,/about,2024-01-01 06:00:20
5043,11,/about,2024-01-01 06:03:00
5044,82,/home,2024-01-01 06:05:56
5044,82,/product,2024-01-01 06:08:50
5044,82,/cart,2024-01-01 06:09:16
5044,82,/checkout,2024-01-01 06:10:45
5044,82,/about,2024-01-01 06:12:46
5044,82,/about,2024-01-01 06:13:57
5044,82,/about,2024-01-01 06:14:21
5044,82,/about,2024-01-01 06:15:33
5045,12,/home,2024-01-01 06:16:12
5045,12,/product,2024-01-01 06:18:18
5045,12,/cart,2024-01-01 06:21:04
5045,12,/checkout,2024-01-01 06:23:49
5045,12,/about,2024-01-01 06:24:13
5046,40,/home,2024-01-01 06:27:11
5046,40,/product,2024-01-01 06:28:05
5046,40,/cart,2024-01-01 06:28:45
5046,40,/checkout,2024-01-01 06:28:58
5046,40,/about,2024-01-01 06:29:43
5046,40,/about,2024-01-01 06:29:55
5046,40,/about,2024-01-01 06:30:46
5047,64,/home,2024-01-01 06:33:09
5047,64,/product,2024-01-01 06:35:31
5047,64,/cart,2024-01-01 06:36:47
5047,64,/checkout,2024-01-01 06:37:39
5048,48,/home,2024-01-01 06:38:57
5048,48,/product,2024-01-01 06:39:37
5048,48,/cart,2024-01-01 06:39:54
5049,43,/home,2024-01-01 06:41:53
5049,43,/product,2024-01-01 06:43:12
5049,43,/cart,2024-01-01 06:45:36
5049,43,/checkout,2024-01-01 06:46:02
5049,43,/about,2024-01-01 06:47:19
5049,43,/about,2024-01-01 06:49:56
5049,43,/about,2024-01-01 06:52:46
5049,43,/about,2024-01-01 06:53:15
5050,64,/home,2024-01-01 06:55:35
5050,64,/product,2024-01-01 06:57:17
5050,64,/cart,2024-01-01 06:57:41
5050,64,/checkout,2024-01-01 06:59:58
5050,64,/about,2024-01-01 07:02:33
5051,22,/home,2024-01-01 07:03:23
5051,22,/product,2024-01-01 07:04:38
5051,22,/cart,2024-01-01 07:05:14
5051,22,/checkout,2024-01-01 07:07:50
5052,87,/home,2024-01-01 07:08:29
5052,87,/product,2024-01-01 07:09:37
5052,87,/cart,2024-01-01 07:11:57
5052,87,/checkout,2024-01-01 07:12:07
5052,87,/about,2024-01-01 07:12:28
5052,87,/about,2024-01-01 07:12:41
5052,87,/about,2024-01-01 07:13:53
5053,6,/home,2024-01-01 07:15:36
5053,6,/product,2024-01-01 07:17:24
5053,6,/cart,2024-01-01 07:18:12
5053,6,/checkout,2024-01-01 07:19:07
5053,6,/about,2024-01-01 07:19:26
5054,71,/home,2024-01-01 07:22:23
5054,71,/product,2024-01-01 07:24:20
5054,71,/cart,2024-01-01 07:25:27
5054,71,/checkout,2024-01-01 07:26:59
5054,71,/about,2024-01-01 07:28:12
5054,71,/about,2024-01-01 07:30:08
5054,71,/about,2024-01-01 07:31:39
5054,71,/about,2024-01-01 07:32:58
5055,10,/home,2024-01-01 07:34:43
5055,10,/product,2024-01-01 07:35:23
5055,10,/cart,2024-01-01 07:37:41
5055,10,/checkout,2024-01-01 07:38:04
5055,10,/about,2024-01-01 07:38:59
5055,10,/about,2024-01-01 07:40:06
5056,67,/home,2024-01-01 07:41:58
5056,67,/product,2024-01-01 07:42:25
5057,60,/home,2024-01-01 07:43:47
5057,60,/product,2024-01-01 07:45:16
5057,60,/cart,2024-01-01 07:46:49
5057,60,/checkout,2024-01-01 07:47:21
5057,60,/about,2024-01-01 07:49:52
5057,60,/about,2024-01-01 07:51:58
5057,60,/about,2024-01-01 07:52:10
5057,60,/about,2024-01-01 07:53:54
5058,26,/home,2024-01-01 07:56:28
5058,26,/product,2024-01-01 07:57:55
5058,26,/cart,2024-01-01 08:00:44
5058,26,/checkout,2024-01-01 08:01:56
5059,60,/home,2024-01-01 08:04:37
5059,60,/product,2024-01-01 08:06:53
5059,60,/cart,2024-01-01 08:07:53
5059,60,/checkout,2024-01-01 08:10:22
5060,98,/home,2024-01-01 08:11:34
5060,98,/product,2024-01-01 08:12:22
5060,98,/cart,2024-01-01 08:12:33
5060,98,/checkout,2024-01-01 08:14:27
5060,98,/about,2024-01-01 08:14:43
5060,98,/about,2024-01-01 08:15:52
5060,98,/about,2024-01-01 08:18:20
5060,98,/about,2024-01-01 08:19:58
5061,82,/home,2024-01-01 08:20:10
5061,82,/product,2024-01-01 08:21:45
5061,82,/cart,2024-01-01 08:21:55
5061,82,/checkout,2024-01-01 08:24:53
5061,82,/about,2024-01-01 08:26:39
5061,82,/about,2024-01-01 08:28:07
5061,82,/about,2024-01-01 08:28:43
5061,82,/about,2024-01-01 08:29:45
5062,68,/home,2024-01-01 08:31:42
5062,68,/product,2024-01-01 08:33:57
5062,68,/cart,2024-01-01 08:34:22
5063,19,/home,2024-01-01 08:35:43
5063,19,/product,2024-01-01 08:36:16
5063,19,/cart,2024-01-01 08:36:37
5063,19,/checkout,2024-01-01 08:37:46
5063,19,/about,2024-01-01 08:40:09
5063,19,/about,2024-01-01 08:42:04
5063,19,/about,2024-01-01 08:43:49
5064,59,/home,2024-01-01 08:44:20
5064,59,/product,2024-01-01 08:46:58
5064,59,/cart,2024-01-01 08:47:32
5064,59,/checkout,2024-01-01 08:49:51
5064,59,/about,2024-01-01 08:50:35
5064,59,/about,2024-01-01 08:53:28
5064,59,/about,2024-01-01 08:55:18
5065,10,/home,2024-01-01 08:57:53
5065,10,/product,2024-01-01 08:58:18
5065,10,/cart,2024-01-01 09:00:19
5065,10,/checkout,2024-01-01 09:03:18
5065,10,/about,2024-01-01 09:04:01
5065,10,/about,2024-01-01 09:05:11
5066,38,/home,2024-01-01 09:06:41
5066,38,/product,2024-01-01 09:08:31
5066,38,/cart,2024-01-01 09:10:04
5066,38,/checkout,2024-01-01 09:11:35
5067,58,/home,2024-01-01 09:12:44
5067,58,/product,2024-01-01 09:13:13
5067,58,/cart,2024-01-01 09:14:14
5067,58,/checkout,2024-01-01 09:14:58
5068,100,/home,2024-01-01 09:17:37
5068,100,/product,2024-01-01 09:18:14
5068,100,/cart,2024-01-01 09:19:03
5068,100,/checkout,2024-01-01 09:19:40
5068,100,/about,2024-01-01 09:20:32
5068,100,/about,2024-01-01 09:22:37
5068,100,/about,2024-01-01 09:24:46
5068,100,/about,2024-01-01 09:26:16
5069,53,/home,2024-01-01 09:28:43
5069,53,/product,2024-01-01 09:30:24
5070,99,/home,2024-01-01 09:32:29
5070,99,/product,2024-01-01 09:33:57
5070,99,/cart,2024-01-01 09:36:05
5071,34,/home,2024-01-01 09:36:45
5071,34,/product,2024-01-01 09:37:18
5071,34,/cart,2024-01-01 09:38:08
5071,34,/checkout,2024-01-01 09:39:35
5071,34,/about,2024-01-01 09:42:19
5071,34,/about,2024-01-01 09:42:39
5071,34,/about,2024-01-01 09:43:44
5071,34,/about,2024-01-01 09:45:17
5072,19,/home,2024-01-01 09:46:30
5072,19,/product,2024-01-01 09:48:11
5073,51,/home,2024-01-01 09:48:33
5073,51,/product,2024-01-01 09:49:59
5073,51,/cart,2024-01-01 09:51:15
5073,51,/checkout,2024-01-01 09:52:09
5073,51,/about,2024-01-01 09:52:26
5073,51,/about,2024-01-01 09:54:19
5074,58,/home,2024-01-01 09:56:49
5074,58,/product,2024-01-01 09:58:02
5074,58,/cart,2024-01-01 09:58:36
5074,58,/checkout,2024-01-01 10:00:44
5074,58,/about,2024-01-01 10:01:20
5074,58,/about,2024-01-01 10:02:05
5075,16,/home,2024-01-01 10:02:30
5075,16,/product,2024-01-01 10:03:36
5076,17,/home,2024-01-01 10:05:28
5076,17,/product,2024-01-01 10:07:13
5076,17,/cart,2024-01-01 10:10:04
5077,83,/home,2024-01-01 10:12:43
5077,83,/product,2024-01-01 10:15:23
5078,34,/home,2024-01-01 10:15:52
5078,34,/product,2024-01-01 10:16:07
5078,34,/cart,2024-01-01 10:16:33
5078,34,/checkout,2024-01-01 10:17:33
5078,34,/about,2024-01-01 10:20:28
5078,34,/about,2024-01-01 10:22:31
5078,34,/about,2024-01-01 10:23:13
5078,34,/about,2024-01-01 10:23:46
5079,43,/home,2024-01-01 10:24:06
5079,43,/product,2024-01-01 10:26:14
5080,7,/home,2024-01-01 10:28:50
5080,7,/product,2024-01-01 10:30:50
5080,7,/cart,2024-01-01 10:32:41
5081,64,/home,2024-01-01 10:34:28
5081,64,/product,2024-01-01 10:36:27
5082,23,/home,2024-01-01 10:37:31
5082,23,/product,2024-01-01 10:38:28
5082,23,/cart,2024-01-01 10:39:48
5082,23,/checkout,2024-01-01 10:41:09
5083,58,/home,2024-01-01 10:41:27
5083,58,/product,2024-01-01 10:44:14
5083,58,/cart,2024-01-01 10:47:02
5084,79,/home,2024-01-01 10:49:57
5084,79,/product,2024-01-01 10:51:22
5084,79,/cart,2024-01-01 10:53:39
5085,53,/home,2024-01-01 10:55:51
5085,53,/product,2024-01-01 10:56:16
5085,53,/cart,2024-01-01 10:56:48
5085,53,/checkout,2024-01-01 10:58:09
5085,53,/about,2024-01-01 10:59:57
5085,53,/about,2024-01-01 11:00:42
5086,54,/home,2024-01-01 11:03:36
5086,54,/product,2024-01-01 11:06:00
5086,54,/cart,2024-01-01 11:07:13
5087,81,/home,2024-01-01 11:09:42
5087,81,/product,2024-01-01 11:09:56
5087,81,/cart,2024-01-01 11:11:43
5087,81,/checkout,2024-01-01 11:13:24
5087,81,/about,2024-01-01 11:15:36
5087,81,/about,2024-01-01 11:18:05
5087,81,/about,2024-01-01 11:20:19
5087,81,/about,2024-01-01 11:21:57
5088,73,/home,2024-01-01 11:23:29
5088,73,/product,2024-01-01 11:25:18
5088,73,/cart,2024-01-01 11:26:37
5088,73,/checkout,2024-01-01 11:27:33
5088,73,/about,2024-01-01 11:27:49
5088,73,/about,2024-01-01 11:29:20
5089,77,/home,2024-01-01 11:29:37
5089,77,/product,2024-01-01 11:30:58
5089,77,/cart,2024-01-01 11:31:22
5090,61,/home,2024-01-01 11:33:03
5090,61,/product,2024-01-01 11:35:42
5090,61,/cart,2024-01-01 11:36:51
5090,61,/checkout,2024-01-01 11:37:41
5090,61,/about,2024-01-01 11:38:16
5090,61,/about,2024-01-01 11:39:29
5091,85,/home,2024-01-01 11:40:47
5091,85,/product,2024-01-01 11:43:13
5091,85,/cart,2024-01-01 11:43:37
5092,98,/home,2024-01-01 11:46:14
5092,98,/product,2024-01-01 11:48:03
5092,98,/cart,2024-01-01 11:49:43
5093,23,/home,2024-01-01 11:50:53
5093,23,/product,2024-01-01 11:53:34
5093,23,/cart,2024-01-01 11:55:05
5094,95,/home,2024-01-01 11:56:46
5094,95,/product,2024-01-01 11:59:27
5094,95,/cart,2024-01-01 11:59:44
5094,95,/checkout,2024-01-01 12:01:24
5094,95,/about,2024-01-01 12:03:59
5094,95,/about,2024-01-01 12:06:33
5094,95,/about,2024-01-01 12:07:19
5095,73,/home,2024-01-01 12:09:35
5095,73,/product,2024-01-01 12:12:03
5095,73,/cart,2024-01-01 12:13:32
5096,23,/home,2024-01-01 12:13:51
5096,23,/product,2024-01-01 12:14:24
5096,23,/cart,2024-01-01 12:14:48
5096,23,/checkout,2024-01-01 12:15:57
5096,23,/about,2024-01-01 12:18:41
5097,29,/home,2024-01-01 12:21:05
5097,29,/product,2024-01-01 12:23:17
5098,1,/home,2024-01-01 12:26:04
5098,1,/product,2024-01-01 12:27:05
5098,1,/cart,2024-01-01 12:27:48
5098,1,/checkout,2024-01-01 12:29:25
5099,92,/home,2024-01-01 12:30:57
5099,92,/product,2024-01-01 12:31:22
5099,92,/cart,2024-01-01 12:31:37
5100,19,/home,2024-01-01 12:32:23
5100,19,/product,2024-01-01 12:33:01
5100,19,/cart,2024-01-01 12:35:25
5100,19,/checkout,2024-01-01 12:37:08
5100,19,/about,2024-01-01 12:37:36
5100,19,/about,2024-01-01 12:39:21
5101,91,/home,2024-01-01 12:41:12
5101,91,/product,2024-01-01 12:43:52
5101,91,/cart,2024-01-01 12:44:27
5101,91,/checkout,2024-01-01 12:46:03
5101,91,/about,2024-01-01 12:47:30
5101,91,/about,2024-01-01 12:49:02
5101,91,/about,2024-01-01 12:49:46
5102,21,/home,2024-01-01 12:51:47
5102,21,/product,2024-01-01 12:54:40
5102,21,/cart,2024-01-01 12:56:54
5102,21,/checkout,2024-01-01 12:59:50
5102,21,/about,2024-01-01 13:01:21
5102,21,/about,2024-01-01 13:02:15
5102,21,/about,2024-01-01 13:04:48
5103,89,/home,2024-01-01 13:06:29
5103,89,/product,2024-01-01 13:07:36
5103,89,/cart,2024-01-01 13:10:36
5103,89,/checkout,2024-01-01 13:13:16
5103,89,/about,2024-01-01 13:14:10
5103,89,/about,2024-01-01 13:15:56
5104,40,/home,2024-01-01 13:17:21
5104,40,/product,2024-01-01 13:18:03
5104,40,/cart,2024-01-01 13:18:58
5104,40,/checkout,2024-01-01 13:19:08
5104,40,/about,2024-01-01 13:21:44
5104,40,/about,2024-01-01 13:23:34
5104,40,/about,2024-01-01 13:26:09
5105,5,/home,2024-01-01 13:28:53
5105,5,/product,2024-01-01 13:30:24
5105,5,/cart,2024-01-01 13:33:10
5106,29,/home,2024-01-01 13:35:44
5106,29,/product,2024-01-01 13:36:20
5106,29,/cart,2024-01-01 13:38:37
5106,29,/checkout,2024-01-01 13:39:23
5106,29,/about,2024-01-01 13:40:57
5106,29,/about,2024-01-01 13:41:26
5106,29,/about,2024-01-01 13:42:36
5107,45,/home,2024-01-01 13:43:28
5107,45,/product,2024-01-01 13:46:20
5107,45,/cart,2024-01-01 13:46:52
5107,45,/checkout,2024-01-01 13:49:45
5108,94,/home,2024-01-01 13:51:49
5108,94,/product,2024-01-01 13:52:01
5108,94,/cart,2024-01-01 13:53:18
5108,94,/checkout,2024-01-01 13:54:21
5109,32,/home,2024-01-01 13:54:48
5109,32,/product,2024-01-01 13:56:27
5109,32,/cart,2024-01-01 13:57:42
5109,32,/checkout,2024-01-01 13:58:19
5109,32,/about,2024-01-01 13:58:29
5109,32,/about,2024-01-01 13:58:51
5109,32,/about,2024-01-01 14:00:39
5110,57,/home,2024-01-01 14:02:36
5110,57,/product,2024-01-01 14:03:28
5110,57,/cart,2024-01-01 14:05:23
5110,57,/checkout,2024-01-01 14:07:39
5110,57,/about,2024-01-01 14:09:25
5110,57,/about,2024-01-01 14:11:04
5110,57,/about,2024-01-01 14:13:33
5111,49,/home,2024-01-01 14:15:45
5111,49,/product,2024-01-01 14:18:22
5112,84,/home,2024-01-01 14:19:29
5112,84,/product,2024-01-01 14:20:20
5112,84,/cart,2024-01-01 14:22:25
5112,84,/checkout,2024-01-01 14:22:53
5112,84,/about,2024-01-01 14:23:11
5112,84,/about,2024-01-01 14:24:36
5112,84,/about,2024-01-01 14:24:51
5112,84,/about,2024-01-01 14:26:22
5113,34,/home,2024-01-01 14:26:50
5113,34,/product,2024-01-01 14:28:27
5114,22,/home,2024-01-01 14:29:18
5114,22,/product,2024-01-01 14:29:47
5114,22,/cart,2024-01-01 14:32:17
5114,22,/checkout,2024-01-01 14:32:50
5114,22,/about,2024-01-01 14:34:26
5115,77,/home,2024-01-01 14:36:39
5115,77,/product,2024-01-01 14:36:56
5115,77,/cart,2024-01-01 14:38:56
5115,77,/checkout,2024-01-01 14:41:53
5115,77,/about,2024-01-01 14:42:45
5115,77,/about,2024-01-01 14:45:30
5116,56,/home,2024-01-01 14:45:53
5116,56,/product,2024-01-01 14:46:28
5116,56,/cart,2024-01-01 14:48:02
5117,27,/home,2024-01-01 14:49:56
5117,27,/product,2024-01-01 14:52:27
5117,27,/cart,2024-01-01 14:54:55
5118,34,/home,2024-01-01 14:56:17
5118,34,/product,2024-01-01 14:57:43
5118,34,/cart,2024-01-01 14:58:53
5118,34,/checkout,2024-01-01 14:59:27
5118,34,/about,2024-01-01 14:59:49
5118,34,/about,2024-01-01 15:01:39
5118,34,/about,2024-01-01 15:04:15
5119,71,/home,2024-01-01 15:06:30
5119,71,/product,2024-01-01 15:07:19
5119,71,/cart,2024-01-01 15:07:42
5119,71,/checkout,2024-01-01 15:09:24
5119,71,/about,2024-01-01 15:09:34
5119,71,/about,2024-01-01 15:11:33
5119,71,/about,2024-01-01 15:12:05
5119,71,/about,2024-01-01 15:13:30
5120,85,/home,2024-01-01 15:16:13
5120,85,/product,2024-01-01 15:18:25
5120,85,/cart,2024-01-01 15:19:26
5120,85,/checkout,2024-01-01 15:20:00
5120,85,/about,2024-01-01 15:20:16
5120,85,/about,2024-01-01 15:21:18
5120,85,/about,2024-01-01 15:22:11
5121,82,/home,2024-01-01 15:22:41
5121,82,/product,2024-01-01 15:24:52
5121,82,/cart,2024-01-01 15:25:31
5121,82,/checkout,2024-01-01 15:26:59
5122,51,/home,2024-01-01 15:29:14
5122,51,/product,2024-01-01 15:32:13
5122,51,/cart,2024-01-01 15:33:30
5122,51,/checkout,2024-01-01 15:34:03
5122,51,/about,2024-01-01 15:36:57
5123,70,/home,2024-01-01 15:37:54
5123,70,/product,2024-01-01 15:39:38
5123,70,/cart,2024-01-01 15:41:25
5123,70,/checkout,2024-01-01 15:43:09
5123,70,/about,2024-01-01 15:44:06
5124,58,/home,2024-01-01 15:45:23
5124,58,/product,2024-01-01 15:47:25
5125,60,/home,2024-01-01 15:48:32
5125,60,/product,2024-01-01 15:49:50
5125,60,/cart,2024-01-01 15:52:24
5125,60,/checkout,2024-01-01 15:52:49
5126,20,/home,2024-01-01 15:55:49
5126,20,/product,2024-01-01 15:56:23
5126,20,/cart,2024-01-01 15:56:54
5126,20,/checkout,2024-01-01 15:58:32
5126,20,/about,2024-01-01 16:01:00
5126,20,/about,2024-01-01 16:02:55
5126,20,/about,2024-01-01 16:05:35
5126,20,/about,2024-01-01 16:06:43
5127,71,/home,2024-01-01 16:08:32
5127,71,/product,2024-01-01 16:10:55
5128,54,/home,2024-01-01 16:13:06
5128,54,/product,2024-01-01 16:15:42
5128,54,/cart,2024-01-01 16:16:52
5128,54,/checkout,2024-01-01 16:19:03
5128,54,/about,2024-01-01 16:20:29
5128,54,/about,2024-01-01 16:20:59
5129,51,/home,2024-01-01 16:21:17
5129,51,/product,2024-01-01 16:23:35
5129,51,/cart,2024-01-01 16:26:11
5129,51,/checkout,2024-01-01 16:28:33
5129,51,/about,2024-01-01 16:31:09
5129,51,/about,2024-01-01 16:33:57
5129,51,/about,2024-01-01 16:34:44
5129,51,/about,2024-01-01 16:35:24
5130,97,/home,2024-01-01 16:36:18
5130,97,/product,2024-01-01 16:37:10
5130,97,/cart,2024-01-01 16:38:14
5130,97,/checkout,2024-01-01 16:39:13
5130,97,/about,2024-01-01 16:39:55
5131,6,/home,2024-01-01 16:40:25
5131,6,/product,2024-01-01 16:42:26
5131,6,/cart,2024-01-01 16:43:27
5131,6,/checkout,2024-01-01 16:46:17
5131,6,/about,2024-01-01 16:47:04
5132,77,/home,2024-01-01 16:48:35
5132,77,/product,2024-01-01 16:49:02
5132,77,/cart,2024-01-01 16:49:34
5132,77,/checkout,2024-01-01 16:51:23
5133,72,/home,2024-01-01 16:53:54
5133,72,/product,2024-01-01 16:55:27
5133,72,/cart,2024-01-01 16:56:47
5133,72,/checkout,2024-01-01 16:59:10
5133,72,/about,2024-01-01 17:01:17
5134,2,/home,2024-01-01 17:04:06
5134,2,/product,2024-01-01 17:06:46
5134,2,/cart,2024-01-01 17:09:09
5134,2,/checkout,2024-01-01 17:11:06
5134,2,/about,2024-01-01 17:11:44
5134,2,/about,2024-01-01 17:13:40
5134,2,/about,2024-01-01 17:14:28
5134,2,/about,2024-01-01 17:15:15
5135,73,/home,2024-01-01 17:17:54
5135,73,/product,2024-01-01 17:18:29
5135,73,/cart,2024-01-01 17:19:06
5135,73,/checkout,2024-01-01 17:21:40
5135,73,/about,2024-01-01 17:22:15
5135,73,/about,2024-01-01 17:23:38
5136,69,/home,2024-01-01 17:25:33
5136,69,/product,2024-01-01 17:26:50
5136,69,/cart,2024-01-01 17:28:38
5136,69,/checkout,2024-01-01 17:31:35
5137,63,/home,2024-01-01 17:34:20
5137,63,/product,2024-01-01 17:36:31
5137,63,/cart,2024-01-01 17:36:50
5137,63,/checkout,2024-01-01 17:37:44
5137,63,/about,2024-01-01 17:39:04
5137,63,/about,2024-01-01 17:40:57
5138,19,/home,2024-01-01 17:43:42
5138,19,/product,2024-01-01 17:45:34
5138,19,/cart,2024-01-01 17:45:53
5138,19,/checkout,2024-01-01 17:47:44
5138,19,/about,2024-01-01 17:49:18
5138,19,/about,2024-01-01 17:50:28
5139,7,/home,2024-01-01 17:52:39
5139,7,/product,2024-01-01 17:53:57
5139,7,/cart,2024-01-01 17:55:42
5139,7,/checkout,2024-01-01 17:55:57
5139,7,/about,2024-01-01 17:57:33
5139,7,/about,2024-01-01 17:59:00
5139,7,/about,2024-01-01 18:00:29
5140,36,/home,2024-01-01 18:02:44
5140,36,/product,2024-01-01 18:03:19
5140,36,/cart,2024-01-01 18:04:27
5140,36,/checkout,2024-01-01 18:05:11
5140,36,/about,2024-01-01 18:06:37
5140,36,/about,2024-01-01 18:08:40
5140,36,/about,2024-01-01 18:10:12
5140,36,/about,2024-01-01 18:11:30
5141,94,/home,2024-01-01 18:14:14
5141,94,/product,2024-01-01 18:17:09
5141,94,/cart,2024-01-01 18:17:41
5141,94,/checkout,2024-01-01 18:18:39
5141,94,/about,2024-01-01 18:20:42
5142,28,/home,2024-01-01 18:22:36
5142,28,/product,2024-01-01 18:24:50
5142,28,/cart,2024-01-01 18:27:12
5142,28,/checkout,2024-01-01 18:28:57
5142,28,/about,2024-01-01 18:29:21
5142,28,/about,2024-01-01 18:31:42
5142,28,/about,2024-01-01 18:32:32
5142,28,/about,2024-01-01 18:32:58
5143,40,/home,2024-01-01 18:35:17
5143,40,/product,2024-01-01 18:37:10
5143,40,/cart,2024-01-01 18:37:54
5143,40,/checkout,2024-01-01 18:40:18
5143,40,/about,2024-01-01 18:42:53
5143,40,/about,2024-01-01 18:43:10
5143,40,/about,2024-01-01 18:44:04
5144,25,/home,2024-01-01 18:45:05
5144,25,/product,2024-01-01 18:45:29
5144,25,/cart,2024-01-01 18:46:42
5144,25,/checkout,2024-01-01 18:47:00
5144,25,/about,2024-01-01 18:49:06
5144,25,/about,2024-01-01 18:49:28
5144,25,/about,2024-01-01 18:51:10
5144,25,/about,2024-01-01 18:52:10
5145,36,/home,2024-01-01 18:54:18
5145,36,/product,2024-01-01 18:56:37
5145,36,/cart,2024-01-01 18:58:28
5145,36,/checkout,2024-01-01 19:01:20
5146,16,/home,2024-01-01 19:01:37
5146,16,/product,2024-01-01 19:02:48
5146,16,/cart,2024-01-01 19:04:33
5146,16,/checkout,2024-01-01 19:06:48
5146,16,/about,2024-01-01 19:09:30
5146,16,/about,2024-01-01 19:11:34
5146,16,/about,2024-01-01 19:12:29
5147,61,/home,2024-01-01 19:15:00
5147,61,/product,2024-01-01 19:16:39
5147,61,/cart,2024-01-01 19:18:17
5147,61,/checkout,2024-01-01 19:19:08
5147,61,/about,2024-01-01 19:20:24
5147,61,/about,2024-01-01 19:20:57
5148,37,/home,2024-01-01 19:22:45
5148,37,/product,2024-01-01 19:23:07
5149,21,/home,2024-01-01 19:25:43
5149,21,/product,2024-01-01 19:26:47
5149,21,/cart,2024-01-01 19:27:53
5149,21,/checkout,2024-01-01 19:30:48
5149,21,/about,2024-01-01 19:31:55
5149,21,/about,2024-01-01 19:32:57
5149,21,/about,2024-01-01 19:34:15
5149,21,/about,2024-01-01 19:37:11
5150,53,/home,2024-01-01 19:37:26
5150,53,/product,2024-01-01 19:37:38
5150,53,/cart,2024-01-01 19:39:49
5150,53,/checkout,2024-01-01 19:40:32
5150,53,/about,2024-01-01 19:43:27
5150,53,/about,2024-01-01 19:44:21
5151,77,/home,2024-01-01 19:44:33
5151,77,/product,2024-01-01 19:45:40
5151,77,/cart,2024-01-01 19:46:54
5151,77,/checkout,2024-01-01 19:49:39
5151,77,/about,2024-01-01 19:51:07
5151,77,/about,2024-01-01 19:54:01
5151,77,/about,2024-01-01 19:55:21
5151,77,/about,2024-01-01 19:57:19
5152,49,/home,2024-01-01 19:58:58
5152,49,/product,2024-01-01 20:01:05
5152,49,/cart,2024-01-01 20:02:19
5152,49,/checkout,2024-01-01 20:03:24
5152,49,/about,2024-01-01 20:05:33
5152,49,/about,2024-01-01 20:07:00
5152,49,/about,2024-01-01 20:09:23
5152,49,/about,2024-01-01 20:12:12
5153,51,/home,2024-01-01 20:12:48
5153,51,/product,2024-01-01 20:12:59
5153,51,/cart,2024-01-01 20:15:19
5153,51,/checkout,2024-01-01 20:18:18
5153,51,/about,2024-01-01 20:20:03
5153,51,/about,2024-01-01 20:22:36
5154,83,/home,2024-01-01 20:25:21
5154,83,/product,2024-01-01 20:26:43
5154,83,/cart,2024-01-01 20:28:09
5154,83,/checkout,2024-01-01 20:28:46
5154,83,/about,2024-01-01 20:30:59
5154,83,/about,2024-01-01 20:31:25
5155,44,/home,2024-01-01 20:34:18
5155,44,/product,2024-01-01 20:35:51
5155,44,/cart,2024-01-01 20:37:11
5155,44,/checkout,2024-01-01 20:38:27
5156,84,/home,2024-01-01 20:41:23
5156,84,/product,2024-01-01 20:42:49
5156,84,/cart,2024-01-01 20:43:47
5156,84,/checkout,2024-01-01 20:44:35
5156,84,/about,2024-01-01 20:46:57
5156,84,/about,2024-01-01 20:48:08
5156,84,/about,2024-01-01 20:48:32
5157,77,/home,2024-01-01 20:51:31
5157,77,/product,2024-01-01 20:53:02
5157,77,/cart,2024-01-01 20:53:47
5157,77,/checkout,2024-01-01 20:54:03
5157,77,/about,2024-01-01 20:57:00
5158,64,/home,2024-01-01 20:58:16
5158,64,/product,2024-01-01 21:00:13
5158,64,/cart,2024-01-01 21:02:06
5158,64,/checkout,2024-01-01 21:03:55
5159,95,/home,2024-01-01 21:06:34
5159,95,/product,2024-01-01 21:09:10
5160,25,/home,2024-01-01 21:10:16
5160,25,/product,2024-01-01 21:12:42
5160,25,/cart,2024-01-01 21:15:35
5160,25,/checkout,2024-01-01 21:17:46
5161,86,/home,2024-01-01 21:20:05
5161,86,/product,2024-01-01 21:21:31
5161,86,/cart,2024-01-01 21:22:24
5161,86,/checkout,2024-01-01 21:25:22
5162,72,/home,2024-01-01 21:26:47
5162,72,/product,2024-01-01 21:27:21
5162,72,/cart,2024-01-01 21:29:31
5163,17,/home,2024-01-01 21:30:47
5163,17,/product,2024-01-01 21:33:20
5163,17,/cart,2024-01-01 21:34:16
5163,17,/checkout,2024-01-01 21:35:51
5163,17,/about,2024-01-01 21:38:48
5163,17,/about,2024-01-01 21:39:20
5163,17,/about,2024-01-01 21:40:26
5164,46,/home,2024-01-01 21:41:54
5164,46,/product,2024-01-01 21:43:51
5164,46,/cart,2024-01-01 21:45:25
5165,48,/home,2024-01-01 21:48:04
5165,48,/product,2024-01-01 21:49:29
5165,48,/cart,2024-01-01 21:51:37
5165,48,/checkout,2024-01-01 21:52:17
5166,61,/home,2024-01-01 21:55:09
5166,61,/product,2024-01-01 21:57:48
5167,75,/home,2024-01-01 21:58:16
5167,75,/product,2024-01-01 22:00:26
5167,75,/cart,2024-01-01 22:01:25
5167,75,/checkout,2024-01-01 22:03:43
5167,75,/about,2024-01-01 22:04:23
5167,75,/about,2024-01-01 22:06:10
5168,68,/home,2024-01-01 22:08:05
5168,68,/product,2024-01-01 22:08:28
5168,68,/cart,2024-01-01 22:09:16
5168,68,/checkout,2024-01-01 22:10:01
5169,26,/home,2024-01-01 22:11:55
5169,26,/product,2024-01-01 22:14:30
5169,26,/cart,2024-01-01 22:16:37
5169,26,/checkout,2024-01-01 22:17:23
5170,41,/home,2024-01-01 22:18:19
5170,41,/product,2024-01-01 22:18:49
5170,41,/cart,2024-01-01 22:21:03
5170,41,/checkout,2024-01-01 22:22:38
5170,41,/about,2024-01-01 22:25:29
5170,41,/about,2024-01-01 22:26:24
5170,41,/about,2024-01-01 22:27:54
5170,41,/about,2024-01-01 22:30:46
5171,8,/home,2024-01-01 22:32:51
5171,8,/product,2024-01-01 22:34:11
5172,27,/home,2024-01-01 22:35:04
5172,27,/product,2024-01-01 22:37:41
5172,27,/cart,2024-01-01 22:38:31
5172,27,/checkout,2024-01-01 22:40:46
5172,27,/about,2024-01-01 22:41:18
5172,27,/about,2024-01-01 22:42:01
5172,27,/about,2024-01-01 22:44:48
5172,27,/about,2024-01-01 22:46:49
5173,82,/home,2024-01-01 22:48:42
5173,82,/product,2024-01-01 22:50:41
5173,82,/cart,2024-01-01 22:52:53
5173,82,/checkout,2024-01-01 22:54:41
5173,82,/about,2024-01-01 22:54:52
5174,5,/home,2024-01-01 22:55:53
5174,5,/product,2024-01-01 22:57:38
5174,5,/cart,2024-01-01 22:57:51
5174,5,/checkout,2024-01-01 22:59:23
5174,5,/about,2024-01-01 23:01:48
5174,5,/about,2024-01-01 23:02:46
5175,3,/home,2024-01-01 23:02:57
5175,3,/product,2024-01-01 23:05:47
5175,3,/cart,2024-01-01 23:07:00
5175,3,/checkout,2024-01-01 23:08:07
5175,3,/about,2024-01-01 23:09:45
5175,3,/about,2024-01-01 23:11:14
5175,3,/about,2024-01-01 23:11:57
5176,14,/home,2024-01-01 23:14:15
5176,14,/product,2024-01-01 23:16:55
5176,14,/cart,2024-01-01 23:18:23
5176,14,/checkout,2024-01-01 23:19:15
5176,14,/about,2024-01-01 23:19:41
5177,6,/home,2024-01-01 23:21:05
5177,6,/product,2024-01-01 23:23:11
5177,6,/cart,2024-01-01 23:25:34
5177,6,/checkout,2024-01-01 23:28:16
5178,68,/home,2024-01-01 23:30:17
5178,68,/product,2024-01-01 23:31:01
5178,68,/cart,2024-01-01 23:32:38
5178,68,/checkout,2024-01-01 23:34:53
5179,46,/home,2024-01-01 23:35:51
5179,46,/product,2024-01-01 23:36:43
5179,46,/cart,2024-01-01 23:38:36
5179,46,/checkout,2024-01-01 23:38:50
5179,46,/about,2024-01-01 23:39:58
5179,46,/about,2024-01-01 23:41:05
5179,46,/about,2024-01-01 23:41:48
5179,46,/about,2024-01-01 23:42:52
5180,94,/home,2024-01-01 23:45:32
5180,94,/product,2024-01-01 23:47:51
5181,22,/home,2024-01-01 23:49:34
5181,22,/product,2024-01-01 23:52:30
5182,5,/home,2024-01-01 23:55:23
5182,5,/product,2024-01-01 23:56:38
5182,5,/cart,2024-01-01 23:59:04
5182,5,/checkout,2024-01-02 00:01:53
5182,5,/about,2024-01-02 00:02:15
5183,77,/home,2024-01-02 00:05:14
5183,77,/product,2024-01-02 00:05:51
5184,84,/home,2024-01-02 00:06:06
5184,84,/product,2024-01-02 00:06:28
5184,84,/cart,2024-01-02 00:07:07
5184,84,/checkout,2024-01-02 00:09:03
5184,84,/about,2024-01-02 00:11:06
5184,84,/about,2024-01-02 00:12:53
5184,84,/about,2024-01-02 00:13:34
5184,84,/about,2024-01-02 00:16:04
5185,33,/home,2024-01-02 00:16:53
5185,33,/product,2024-01-02 00:17:55
5185,33,/cart,2024-01-02 00:20:46
5185,33,/checkout,2024-01-02 00:20:58
5185,33,/about,2024-01-02 00:22:25
5186,54,/home,2024-01-02 00:23:00
5186,54,/product,2024-01-02 00:25:59
5186,54,/cart,2024-01-02 00:28:22
5186,54,/checkout,2024-01-02 00:29:41
5186,54,/about,2024-01-02 00:32:30
5186,54,/about,2024-01-02 00:35:15
5186,54,/about,2024-01-02 00:36:00
5187,54,/home,2024-01-02 00:36:36
5187,54,/product,2024-01-02 00:38:56
5187,54,/cart,2024-01-02 00:41:44
5187,54,/checkout,2024-01-02 00:42:24
5187,54,/about,2024-01-02 00:43:46
5187,54,/about,2024-01-02 00:44:25
5187,54,/about,2024-01-02 00:45:02
5187,54,/about,2024-01-02 00:47:19
5188,26,/home,2024-01-02 00:48:20
5188,26,/product,2024-01-02 00:49:37
5188,26,/cart,2024-01-02 00:52:00
5188,26,/checkout,2024-01-02 00:53:01
5188,26,/about,2024-01-02 00:54:42
5188,26,/about,2024-01-02 00:56:36
5189,38,/home,2024-01-02 00:56:56
5189,38,/product,2024-01-02 00:59:26
5189,38,/cart,2024-01-02 01:01:43
5190,27,/home,2024-01-02 01:03:56
5190,27,/product,2024-01-02 01:05:30
5190,27,/cart,2024-01-02 01:06:40
5190,27,/checkout,2024-01-02 01:06:50
5190,27,/about,2024-01-02 01:07:03
5190,27,/about,2024-01-02 01:07:35
5190,27,/about,2024-01-02 01:08:13
5191,74,/home,2024-01-02 01:10:29
5191,74,/product,2024-01-02 01:11:17
5191,74,/cart,2024-01-02 01:11:50
5191,74,/checkout,2024-01-02 01:14:10
5191,74,/about,2024-01-02 01:14:39
5191,74,/about,2024-01-02 01:15:14
5191,74,/about,2024-01-02 01:16:29
5192,83,/home,2024-01-02 01:18:35
5192,83,/product,2024-01-02 01:20:00
5192,83,/cart,2024-01-02 01:21:17
5193,60,/home,2024-01-02 01:21:52
5193,60,/product,2024-01-02 01:22:46
5194,6,/home,2024-01-02 01:24:10
5194,6,/product,2024-01-02 01:25:52
5194,6,/cart,2024-01-02 01:27:22
5194,6,/checkout,2024-01-02 01:29:21
5194,6,/about,2024-01-02 01:30:00
5194,6,/about,2024-01-02 01:30:34
5194,6,/about,2024-01-02 01:30:55
5194,6,/about,2024-01-02 01:31:07
5195,18,/home,2024-01-02 01:34:02
5195,18,/product,2024-01-02 01:34:55
5195,18,/cart,2024-01-02 01:36:29
5195,18,/checkout,2024-01-02 01:38:10
5195,18,/about,2024-01-02 01:40:12
5195,18,/about,2024-01-02 01:43:01
5195,18,/about,2024-01-02 01:44:19
5196,94,/home,2024-01-02 01:46:04
5196,94,/product,2024-01-02 01:47:41
5197,24,/home,2024-01-02 01:49:33
5197,24,/product,2024-01-02 01:51:25
5198,59,/home,2024-01-02 01:53:13
5198,59,/product,2024-01-02 01:55:25
5198,59,/cart,2024-01-02 01:57:22
5198,59,/checkout,2024-01-02 02:00:18
5199,22,/home,2024-01-02 02:01:01
5199,22,/product,2024-01-02 02:01:26
5200,21,/home,2024-01-02 02:03:22
5200,21,/product,2024-01-02 02:06:03
